INSERT INTO Driver (employeeid, phone_number, radius, drivers_license, current_location, jobs_completed, transportation, total_earned, rating) VALUES ('1467917087', '244-468-6730', '5', '9156492065', 'Mayo Belwa', '40982', 'Scooter', '33554.08', '7');
INSERT INTO Driver (employeeid, phone_number, radius, drivers_license, current_location, jobs_completed, transportation, total_earned, rating) VALUES ('5426647046', '385-594-2495', '11', '4461688879', 'Cotovia', '89473', 'Scooter', '750.56', '5');
INSERT INTO Driver (employeeid, phone_number, radius, drivers_license, current_location, jobs_completed, transportation, total_earned, rating) VALUES ('3544154684', '845-502-4269', '20', '5870810760', 'Krutja e Poshtme', '86605', 'Skateboard', '86858.5', '3');
INSERT INTO Driver (employeeid, phone_number, radius, drivers_license, current_location, jobs_completed, transportation, total_earned, rating) VALUES ('7760848366', '661-646-4051', '16', '4999936313', 'Bagong Barrio', '83140', 'Car', '83016.4', '5');
INSERT INTO Driver (employeeid, phone_number, radius, drivers_license, current_location, jobs_completed, transportation, total_earned, rating) VALUES ('9744007443', '164-627-2893', '14', '2723157989', 'Teknāf', '86037', 'Walking', '43507.88', '7');
INSERT INTO Driver (employeeid, phone_number, radius, drivers_license, current_location, jobs_completed, transportation, total_earned, rating) VALUES ('8145766575', '922-964-4240', '3', '1940543967', 'Chóra', '15100', 'Scooter', '52646.12', '10');
INSERT INTO Driver (employeeid, phone_number, radius, drivers_license, current_location, jobs_completed, transportation, total_earned, rating) VALUES ('3367817023', '651-762-4398', '23', '5803550833', 'Dagupan', '75482', 'Motorcycle', '84981.5', '9');
INSERT INTO Driver (employeeid, phone_number, radius, drivers_license, current_location, jobs_completed, transportation, total_earned, rating) VALUES ('4284955527', '314-137-1144', '21', '6046821878', 'Chiguayante', '25921', 'Motorcycle', '17509.13', '8');
INSERT INTO Driver (employeeid, phone_number, radius, drivers_license, current_location, jobs_completed, transportation, total_earned, rating) VALUES ('7080679818', '817-232-6726', '23', '5823816510', 'Joinville', '14845', 'Walking', '9547.24', '1');
INSERT INTO Driver (employeeid, phone_number, radius, drivers_license, current_location, jobs_completed, transportation, total_earned, rating) VALUES ('4411096013', '738-660-0667', '16', '2918675121', '"Las Vegas, Santa Barbara"', '24245', 'Walking', '76113.38', '1');
INSERT INTO Driver (employeeid, phone_number, radius, drivers_license, current_location, jobs_completed, transportation, total_earned, rating) VALUES ('5246243192', '930-401-1167', '4', '3876339502', 'Ağdam', '6335', 'Walking', '29798.41', '6');
INSERT INTO Driver (employeeid, phone_number, radius, drivers_license, current_location, jobs_completed, transportation, total_earned, rating) VALUES ('1173963138', '644-670-7200', '1', '8112639450', 'Cipadung', '11183', 'Car', '46480.13', '4');
INSERT INTO Driver (employeeid, phone_number, radius, drivers_license, current_location, jobs_completed, transportation, total_earned, rating) VALUES ('4546757069', '517-738-1423', '8', '8001790169', 'Lansing', '57466', 'Scooter', '87552.4', '4');
INSERT INTO Driver (employeeid, phone_number, radius, drivers_license, current_location, jobs_completed, transportation, total_earned, rating) VALUES ('2068332272', '717-584-7333', '3', '8221271195', 'Yucun', '11551', 'Scooter', '21254.51', '5');
INSERT INTO Driver (employeeid, phone_number, radius, drivers_license, current_location, jobs_completed, transportation, total_earned, rating) VALUES ('1576489434', '439-526-2649', '17', '1985082713', 'Feondari', '86742', 'Bike', '40982.63', '1');
INSERT INTO Driver (employeeid, phone_number, radius, drivers_license, current_location, jobs_completed, transportation, total_earned, rating) VALUES ('8061917998', '538-670-2331', '21', '1704337526', 'Nūr', '3737', 'Motorcycle', '54686.75', '5');
INSERT INTO Driver (employeeid, phone_number, radius, drivers_license, current_location, jobs_completed, transportation, total_earned, rating) VALUES ('5374910809', '601-817-3242', '18', '7817036306', 'Nikolinci', '25598', 'Car', '95422.67', '1');
INSERT INTO Driver (employeeid, phone_number, radius, drivers_license, current_location, jobs_completed, transportation, total_earned, rating) VALUES ('2010818059', '186-560-1923', '4', '7276999904', 'Eira da Pedra', '60486', 'Scooter', '25184.02', '10');
INSERT INTO Driver (employeeid, phone_number, radius, drivers_license, current_location, jobs_completed, transportation, total_earned, rating) VALUES ('5960751941', '571-948-4329', '1', '3638988775', 'Karangboyo', '86306', 'Bike', '24964.79', '5');
INSERT INTO Driver (employeeid, phone_number, radius, drivers_license, current_location, jobs_completed, transportation, total_earned, rating) VALUES ('0754425444', '289-902-7775', '18', '9080837733', 'Chuandao', '33017', 'Walking', '6190.93', '10');
INSERT INTO Driver (employeeid, phone_number, radius, drivers_license, current_location, jobs_completed, transportation, total_earned, rating) VALUES ('2663819328', '202-490-0542', '2', '0282142843', 'Liangshuijing', '42140', 'Skateboard', '12591.29', '2');
INSERT INTO Driver (employeeid, phone_number, radius, drivers_license, current_location, jobs_completed, transportation, total_earned, rating) VALUES ('3026289256', '320-626-5838', '22', '0303354631', 'Khlong Sam Wa', '22635', 'Motorcycle', '44.0', '4');
INSERT INTO Driver (employeeid, phone_number, radius, drivers_license, current_location, jobs_completed, transportation, total_earned, rating) VALUES ('8731657028', '485-861-0809', '12', '5633734769', 'Piława Górna', '33770', 'Scooter', '92120.56', '10');
INSERT INTO Driver (employeeid, phone_number, radius, drivers_license, current_location, jobs_completed, transportation, total_earned, rating) VALUES ('9070515490', '907-109-0517', '13', '7085185864', 'Pakuwon', '1359', 'Motorcycle', '65229.27', '7');
INSERT INTO Driver (employeeid, phone_number, radius, drivers_license, current_location, jobs_completed, transportation, total_earned, rating) VALUES ('9487498095', '713-149-6499', '2', '9451528709', 'Houston', '44288', 'Scooter', '36771.25', '10');
INSERT INTO Driver (employeeid, phone_number, radius, drivers_license, current_location, jobs_completed, transportation, total_earned, rating) VALUES ('9112663603', '385-151-6551', '11', '4762664014', 'Police nad Metují', '54561', 'Bike', '43327.31', '9');
INSERT INTO Driver (employeeid, phone_number, radius, drivers_license, current_location, jobs_completed, transportation, total_earned, rating) VALUES ('9836435336', '172-429-9029', '10', '8780170374', 'Kangmei', '22157', 'Skateboard', '81564.95', '7');
INSERT INTO Driver (employeeid, phone_number, radius, drivers_license, current_location, jobs_completed, transportation, total_earned, rating) VALUES ('0433983329', '948-769-3757', '15', '3039647814', 'Santa Justina', '93605', 'Car', '78926.82', '7');
INSERT INTO Driver (employeeid, phone_number, radius, drivers_license, current_location, jobs_completed, transportation, total_earned, rating) VALUES ('0071835911', '744-516-5719', '21', '7361757006', 'Sabanitas', '51375', 'Scooter', '65741.53', '9');
INSERT INTO Driver (employeeid, phone_number, radius, drivers_license, current_location, jobs_completed, transportation, total_earned, rating) VALUES ('5799896890', '140-851-5130', '0', '2100184709', 'Riti', '70144', 'Skateboard', '67921.35', '10');
INSERT INTO Driver (employeeid, phone_number, radius, drivers_license, current_location, jobs_completed, transportation, total_earned, rating) VALUES ('6830980119', '599-294-1252', '1', '9840226738', 'Balaoang', '89307', 'Scooter', '58341.39', '7');
INSERT INTO Driver (employeeid, phone_number, radius, drivers_license, current_location, jobs_completed, transportation, total_earned, rating) VALUES ('8169683211', '206-955-0703', '9', '1865220086', 'Sudoměřice', '9001', 'Motorcycle', '5462.54', '7');
INSERT INTO Driver (employeeid, phone_number, radius, drivers_license, current_location, jobs_completed, transportation, total_earned, rating) VALUES ('9914713823', '368-932-2883', '2', '5162937495', 'Kotuń', '10134', 'Walking', '20950.63', '9');
INSERT INTO Driver (employeeid, phone_number, radius, drivers_license, current_location, jobs_completed, transportation, total_earned, rating) VALUES ('8461495187', '936-146-4129', '16', '0438255976', 'Su-dong', '39631', 'Bike', '47623.45', '1');
INSERT INTO Driver (employeeid, phone_number, radius, drivers_license, current_location, jobs_completed, transportation, total_earned, rating) VALUES ('9253160209', '172-312-5340', '19', '3699665828', 'Morelos', '93251', 'Bike', '82234.65', '4');
INSERT INTO Driver (employeeid, phone_number, radius, drivers_license, current_location, jobs_completed, transportation, total_earned, rating) VALUES ('9881623707', '502-370-6698', '6', '3265487199', 'Kuz’minskiye Otverzhki', '99412', 'Motorcycle', '45909.61', '7');
INSERT INTO Driver (employeeid, phone_number, radius, drivers_license, current_location, jobs_completed, transportation, total_earned, rating) VALUES ('4597470441', '722-987-0385', '24', '4678415696', 'Kafr ad Dawwār', '15295', 'Bike', '11653.15', '1');
INSERT INTO Driver (employeeid, phone_number, radius, drivers_license, current_location, jobs_completed, transportation, total_earned, rating) VALUES ('4762960535', '151-195-8181', '6', '1952818990', 'Dungloe', '43006', 'Walking', '82032.75', '7');
INSERT INTO Driver (employeeid, phone_number, radius, drivers_license, current_location, jobs_completed, transportation, total_earned, rating) VALUES ('2052078304', '781-111-3013', '0', '1188617621', 'Huddinge', '12946', 'Car', '624.41', '1');
INSERT INTO Driver (employeeid, phone_number, radius, drivers_license, current_location, jobs_completed, transportation, total_earned, rating) VALUES ('0502202734', '574-477-4313', '15', '7883076922', 'Kotabaru', '60492', 'Walking', '24036.85', '10');
INSERT INTO Driver (employeeid, phone_number, radius, drivers_license, current_location, jobs_completed, transportation, total_earned, rating) VALUES ('8671163202', '551-359-8736', '7', '5014738788', 'Amuñgan', '57410', 'Scooter', '63739.29', '1');
INSERT INTO Driver (employeeid, phone_number, radius, drivers_license, current_location, jobs_completed, transportation, total_earned, rating) VALUES ('7219066430', '265-582-4986', '15', '3241217914', 'Al Ḩawātah', '51596', 'Car', '95364.25', '3');
INSERT INTO Driver (employeeid, phone_number, radius, drivers_license, current_location, jobs_completed, transportation, total_earned, rating) VALUES ('7038477994', '916-832-5716', '15', '9490886769', 'Tianjiazhai', '4446', 'Car', '94610.59', '8');
INSERT INTO Driver (employeeid, phone_number, radius, drivers_license, current_location, jobs_completed, transportation, total_earned, rating) VALUES ('3914809221', '963-542-3863', '1', '5793058761', 'Zhangdian', '75467', 'Bike', '25983.47', '6');
INSERT INTO Driver (employeeid, phone_number, radius, drivers_license, current_location, jobs_completed, transportation, total_earned, rating) VALUES ('4438986257', '365-691-7021', '11', '0916547647', 'Heshan', '11187', 'Skateboard', '37878.88', '5');
INSERT INTO Driver (employeeid, phone_number, radius, drivers_license, current_location, jobs_completed, transportation, total_earned, rating) VALUES ('5667980878', '747-656-7900', '16', '5528297877', 'Ludvika', '55226', 'Motorcycle', '81746.49', '2');
INSERT INTO Driver (employeeid, phone_number, radius, drivers_license, current_location, jobs_completed, transportation, total_earned, rating) VALUES ('7558520231', '299-124-3884', '8', '1096493365', 'Puerto Rico', '42738', 'Car', '32724.95', '3');
INSERT INTO Driver (employeeid, phone_number, radius, drivers_license, current_location, jobs_completed, transportation, total_earned, rating) VALUES ('4376131725', '868-159-2942', '1', '1336205342', 'Nanfeng', '83214', 'Motorcycle', '94.09', '4');
INSERT INTO Driver (employeeid, phone_number, radius, drivers_license, current_location, jobs_completed, transportation, total_earned, rating) VALUES ('6266705664', '159-987-8167', '22', '2121652655', 'Kåge', '21924', 'Walking', '78348.53', '1');
INSERT INTO Driver (employeeid, phone_number, radius, drivers_license, current_location, jobs_completed, transportation, total_earned, rating) VALUES ('0436175649', '368-929-2477', '13', '8423018733', 'Melissochóri', '30464', 'Motorcycle', '56256.59', '1');
INSERT INTO Driver (employeeid, phone_number, radius, drivers_license, current_location, jobs_completed, transportation, total_earned, rating) VALUES ('2358970689', '862-324-5637', '6', '4759308326', 'Linxihe', '68211', 'Walking', '66404.19', '3');
INSERT INTO Driver (employeeid, phone_number, radius, drivers_license, current_location, jobs_completed, transportation, total_earned, rating) VALUES ('9042701846', '138-830-6268', '14', '1579307590', 'Hedong', '5191', 'Motorcycle', '70681.43', '8');
INSERT INTO Driver (employeeid, phone_number, radius, drivers_license, current_location, jobs_completed, transportation, total_earned, rating) VALUES ('0006289908', '411-598-3443', '8', '5590393868', 'Stocksund', '31283', 'Bike', '17702.12', '5');
INSERT INTO Driver (employeeid, phone_number, radius, drivers_license, current_location, jobs_completed, transportation, total_earned, rating) VALUES ('3454941776', '757-721-1134', '22', '5101674044', 'Waso', '85501', 'Skateboard', '61992.76', '8');
INSERT INTO Driver (employeeid, phone_number, radius, drivers_license, current_location, jobs_completed, transportation, total_earned, rating) VALUES ('3952275433', '568-364-1205', '3', '3176262817', 'Alemanguan', '87527', 'Scooter', '38927.87', '3');
INSERT INTO Driver (employeeid, phone_number, radius, drivers_license, current_location, jobs_completed, transportation, total_earned, rating) VALUES ('2127503694', '353-781-7806', '0', '0220876282', 'Sovetskaya Gavan’', '3956', 'Car', '45190.06', '4');
INSERT INTO Driver (employeeid, phone_number, radius, drivers_license, current_location, jobs_completed, transportation, total_earned, rating) VALUES ('5590470374', '175-639-5972', '24', '5847351771', 'Stockholm', '41747', 'Motorcycle', '19943.02', '4');
INSERT INTO Driver (employeeid, phone_number, radius, drivers_license, current_location, jobs_completed, transportation, total_earned, rating) VALUES ('9387873870', '870-600-0974', '6', '5533180176', 'Firavitoba', '7650', 'Skateboard', '10105.3', '9');
INSERT INTO Driver (employeeid, phone_number, radius, drivers_license, current_location, jobs_completed, transportation, total_earned, rating) VALUES ('8863916675', '235-339-8797', '0', '8521211546', 'Geoktschai', '40719', 'Motorcycle', '23130.44', '7');
INSERT INTO Driver (employeeid, phone_number, radius, drivers_license, current_location, jobs_completed, transportation, total_earned, rating) VALUES ('9379909578', '517-640-9598', '19', '7919615216', 'Daogao', '45791', 'Bike', '50382.33', '9');
INSERT INTO Driver (employeeid, phone_number, radius, drivers_license, current_location, jobs_completed, transportation, total_earned, rating) VALUES ('3491052882', '643-619-9275', '17', '3594771598', 'Teongtoda', '95326', 'Scooter', '27861.05', '4');
INSERT INTO Driver (employeeid, phone_number, radius, drivers_license, current_location, jobs_completed, transportation, total_earned, rating) VALUES ('1071189581', '807-119-8398', '21', '4190790842', 'Le Havre', '5440', 'Scooter', '92941.91', '2');
INSERT INTO Driver (employeeid, phone_number, radius, drivers_license, current_location, jobs_completed, transportation, total_earned, rating) VALUES ('1236964101', '381-459-3479', '5', '1356062911', 'Tame', '31421', 'Walking', '73172.08', '9');
INSERT INTO Driver (employeeid, phone_number, radius, drivers_license, current_location, jobs_completed, transportation, total_earned, rating) VALUES ('5968889039', '191-590-6897', '13', '4976029654', 'Eldoret', '87500', 'Bike', '97939.28', '4');
INSERT INTO Driver (employeeid, phone_number, radius, drivers_license, current_location, jobs_completed, transportation, total_earned, rating) VALUES ('9673466939', '251-738-5914', '0', '1013472322', 'São João dos Patos', '54588', 'Scooter', '61239.25', '5');
INSERT INTO Driver (employeeid, phone_number, radius, drivers_license, current_location, jobs_completed, transportation, total_earned, rating) VALUES ('5314987570', '476-554-7325', '3', '1886634831', 'Kalpáki', '35918', 'Walking', '98471.79', '5');
INSERT INTO Driver (employeeid, phone_number, radius, drivers_license, current_location, jobs_completed, transportation, total_earned, rating) VALUES ('0286974134', '373-832-6041', '17', '6474973404', 'Pôsto Fiscal Rolim de Moura', '84470', 'Scooter', '39333.74', '3');
INSERT INTO Driver (employeeid, phone_number, radius, drivers_license, current_location, jobs_completed, transportation, total_earned, rating) VALUES ('2108761853', '145-575-9258', '5', '7520247805', 'Mirzāpur', '72318', 'Motorcycle', '85513.76', '9');
INSERT INTO Driver (employeeid, phone_number, radius, drivers_license, current_location, jobs_completed, transportation, total_earned, rating) VALUES ('1973541378', '485-466-9961', '8', '5620171973', 'San Fernando de Atabapo', '13795', 'Walking', '42309.49', '9');
INSERT INTO Driver (employeeid, phone_number, radius, drivers_license, current_location, jobs_completed, transportation, total_earned, rating) VALUES ('3380420115', '222-332-8195', '12', '3462791680', 'Thị Trấn Triệu Sơn', '65542', 'Car', '38073.79', '2');
INSERT INTO Driver (employeeid, phone_number, radius, drivers_license, current_location, jobs_completed, transportation, total_earned, rating) VALUES ('0277209684', '819-286-5007', '20', '7193295403', 'Senanga', '91051', 'Car', '22813.14', '6');
INSERT INTO Driver (employeeid, phone_number, radius, drivers_license, current_location, jobs_completed, transportation, total_earned, rating) VALUES ('9714476097', '578-502-0951', '0', '9212588018', 'Sam Phran', '27915', 'Scooter', '59472.95', '3');
INSERT INTO Driver (employeeid, phone_number, radius, drivers_license, current_location, jobs_completed, transportation, total_earned, rating) VALUES ('7279261957', '133-598-3691', '17', '0441480578', 'Guaiúba', '87486', 'Bike', '63423.2', '5');
INSERT INTO Driver (employeeid, phone_number, radius, drivers_license, current_location, jobs_completed, transportation, total_earned, rating) VALUES ('6392932216', '186-989-7086', '6', '1520510551', 'Okcheon', '3855', 'Walking', '47669.46', '6');
INSERT INTO Driver (employeeid, phone_number, radius, drivers_license, current_location, jobs_completed, transportation, total_earned, rating) VALUES ('2617005909', '142-677-9954', '7', '4022547030', 'Rancakuya', '53342', 'Scooter', '24886.27', '2');
INSERT INTO Driver (employeeid, phone_number, radius, drivers_license, current_location, jobs_completed, transportation, total_earned, rating) VALUES ('2999109385', '749-842-6709', '18', '0122894367', 'Longtang', '41822', 'Motorcycle', '70541.51', '3');
INSERT INTO Driver (employeeid, phone_number, radius, drivers_license, current_location, jobs_completed, transportation, total_earned, rating) VALUES ('2122867981', '464-439-4654', '11', '4131630052', 'Xiaoshiqiao', '50874', 'Scooter', '35616.13', '3');
INSERT INTO Driver (employeeid, phone_number, radius, drivers_license, current_location, jobs_completed, transportation, total_earned, rating) VALUES ('6781993496', '828-562-9733', '13', '8637938175', 'Tadou', '99824', 'Motorcycle', '32058.31', '8');
INSERT INTO Driver (employeeid, phone_number, radius, drivers_license, current_location, jobs_completed, transportation, total_earned, rating) VALUES ('1456956019', '304-422-5371', '19', '1647106664', 'Tumxuk', '95787', 'Skateboard', '71870.48', '4');
INSERT INTO Driver (employeeid, phone_number, radius, drivers_license, current_location, jobs_completed, transportation, total_earned, rating) VALUES ('3669930310', '598-368-9678', '8', '1128520648', 'Wangfu', '71670', 'Car', '56832.46', '3');
INSERT INTO Driver (employeeid, phone_number, radius, drivers_license, current_location, jobs_completed, transportation, total_earned, rating) VALUES ('4542332152', '110-638-2564', '21', '4578726401', 'Nankeng', '67952', 'Motorcycle', '41629.76', '4');
INSERT INTO Driver (employeeid, phone_number, radius, drivers_license, current_location, jobs_completed, transportation, total_earned, rating) VALUES ('7477640121', '246-387-2826', '22', '6146106984', 'Garunggang', '67666', 'Scooter', '53690.93', '4');
INSERT INTO Driver (employeeid, phone_number, radius, drivers_license, current_location, jobs_completed, transportation, total_earned, rating) VALUES ('2038198586', '605-550-3715', '25', '0309912938', 'Xijia', '93370', 'Car', '87747.37', '10');
INSERT INTO Driver (employeeid, phone_number, radius, drivers_license, current_location, jobs_completed, transportation, total_earned, rating) VALUES ('8240140483', '262-862-9315', '9', '4819562738', 'Malbork', '6925', 'Skateboard', '56040.75', '5');
INSERT INTO Driver (employeeid, phone_number, radius, drivers_license, current_location, jobs_completed, transportation, total_earned, rating) VALUES ('5142521528', '337-544-5449', '0', '6834408967', 'Carnaxide', '36714', 'Bike', '28151.98', '3');
INSERT INTO Driver (employeeid, phone_number, radius, drivers_license, current_location, jobs_completed, transportation, total_earned, rating) VALUES ('5485731600', '764-952-1188', '1', '8221879738', 'Tabuk', '72720', 'Scooter', '28299.54', '6');
INSERT INTO Driver (employeeid, phone_number, radius, drivers_license, current_location, jobs_completed, transportation, total_earned, rating) VALUES ('2827018748', '668-745-2462', '1', '6700316715', 'Enschede', '49605', 'Bike', '94456.16', '5');
INSERT INTO Driver (employeeid, phone_number, radius, drivers_license, current_location, jobs_completed, transportation, total_earned, rating) VALUES ('1143562402', '291-649-4972', '23', '3146721635', 'Yemva', '68428', 'Skateboard', '16485.8', '7');
INSERT INTO Driver (employeeid, phone_number, radius, drivers_license, current_location, jobs_completed, transportation, total_earned, rating) VALUES ('4527062956', '231-522-7375', '6', '4986778382', 'Messina', '59322', 'Walking', '80201.86', '6');
INSERT INTO Driver (employeeid, phone_number, radius, drivers_license, current_location, jobs_completed, transportation, total_earned, rating) VALUES ('3320597671', '735-991-3071', '13', '0874020603', 'Nikolayevka', '85140', 'Bike', '75404.88', '3');
INSERT INTO Driver (employeeid, phone_number, radius, drivers_license, current_location, jobs_completed, transportation, total_earned, rating) VALUES ('3172152057', '203-147-8900', '21', '5536109685', 'Bergen', '61648', 'Scooter', '72016.06', '7');
INSERT INTO Driver (employeeid, phone_number, radius, drivers_license, current_location, jobs_completed, transportation, total_earned, rating) VALUES ('6763571437', '514-920-2535', '3', '4606011769', 'Srabah', '2182', 'Car', '77144.92', '4');
INSERT INTO Driver (employeeid, phone_number, radius, drivers_license, current_location, jobs_completed, transportation, total_earned, rating) VALUES ('3477570758', '426-857-5426', '12', '5901948025', 'Doom', '36555', 'Scooter', '98572.91', '9');
INSERT INTO Driver (employeeid, phone_number, radius, drivers_license, current_location, jobs_completed, transportation, total_earned, rating) VALUES ('9874646330', '281-660-5639', '4', '1291510346', 'Amirdzhan', '83654', 'Skateboard', '20128.9', '9');
INSERT INTO Driver (employeeid, phone_number, radius, drivers_license, current_location, jobs_completed, transportation, total_earned, rating) VALUES ('7547212077', '864-511-2002', '24', '6399425840', 'Patos Fshat', '11257', 'Walking', '32738.75', '4');
INSERT INTO Driver (employeeid, phone_number, radius, drivers_license, current_location, jobs_completed, transportation, total_earned, rating) VALUES ('7579328003', '328-485-6870', '25', '3430646758', 'Tungol', '65339', 'Car', '85953.26', '4');
INSERT INTO Driver (employeeid, phone_number, radius, drivers_license, current_location, jobs_completed, transportation, total_earned, rating) VALUES ('7665348793', '234-460-1430', '25', '1516288343', 'Bergen', '42195', 'Walking', '56705.41', '3');
INSERT INTO Driver (employeeid, phone_number, radius, drivers_license, current_location, jobs_completed, transportation, total_earned, rating) VALUES ('4579562283', '756-857-1226', '24', '6573930320', 'Mýto', '21437', 'Car', '67052.27', '1');
INSERT INTO Driver (employeeid, phone_number, radius, drivers_license, current_location, jobs_completed, transportation, total_earned, rating) VALUES ('0781699355', '118-141-6519', '18', '0212405837', 'Karpacz', '4702', 'Scooter', '95768.21', '8');
INSERT INTO Driver (employeeid, phone_number, radius, drivers_license, current_location, jobs_completed, transportation, total_earned, rating) VALUES ('2200909683', '457-824-0973', '8', '5315528936', 'Arraial do Cabo', '95910', 'Skateboard', '41699.99', '3');

INSERT INTO Users (phone, language, first_name, last_name, total_orders, username, total_spent, pronouns, address_street, address_zip, address_city, address_state, address_country) VALUES ('405-194-4044', 'New Zealand Sign Language', 'Donavon', 'Elliott', '165', 'delliott0', '9.36', 'Male', '2 Artisan Point', '73173', 'Oklahoma City', 'Oklahoma', 'United States');
INSERT INTO Users (phone, language, first_name, last_name, total_orders, username, total_spent, pronouns, address_street, address_zip, address_city, address_state, address_country) VALUES ('518-242-2633', 'Bosnian', 'Gilbertine', 'Swain', '31', 'gswain1', '3.34', 'Female', '3 Bobwhite Way', '12232', 'Albany', 'New York', 'United States');
INSERT INTO Users (phone, language, first_name, last_name, total_orders, username, total_spent, pronouns, address_street, address_zip, address_city, address_state, address_country) VALUES ('678-371-3886', 'German', 'Lauren', 'Speer', '178', 'lspeer2', '7.38', 'Genderqueer', '4005 Monica Drive', '30316', 'Atlanta', 'Georgia', 'United States');
INSERT INTO Users (phone, language, first_name, last_name, total_orders, username, total_spent, pronouns, address_street, address_zip, address_city, address_state, address_country) VALUES ('316-549-0816', 'Estonian', 'Warner', 'Beese', '71', 'wbeese3', '0.79', 'Male', '7284 Pearson Park', '67236', 'Wichita', 'Kansas', 'United States');
INSERT INTO Users (phone, language, first_name, last_name, total_orders, username, total_spent, pronouns, address_street, address_zip, address_city, address_state, address_country) VALUES ('401-485-1092', 'Guaraní', 'Aubrette', 'Canete', '193', 'acanete4', '1.77', 'Female', '925 Bluejay Junction', '02912', 'Providence', 'Rhode Island', 'United States');
INSERT INTO Users (phone, language, first_name, last_name, total_orders, username, total_spent, pronouns, address_street, address_zip, address_city, address_state, address_country) VALUES ('443-756-0666', 'Swahili', 'Flor', 'Brickell', '141', 'fbrickell5', '7.00', 'Female', '441 Doe Crossing Court', '21405', 'Annapolis', 'Maryland', 'United States');
INSERT INTO Users (phone, language, first_name, last_name, total_orders, username, total_spent, pronouns, address_street, address_zip, address_city, address_state, address_country) VALUES ('909-150-5124', 'Norwegian', 'Jo', 'Lightollers', '84', 'jlightollers6', '3.55', 'Genderfluid', '4243 Namekagon Court', '92405', 'San Bernardino', 'California', 'United States');
INSERT INTO Users (phone, language, first_name, last_name, total_orders, username, total_spent, pronouns, address_street, address_zip, address_city, address_state, address_country) VALUES ('937-576-4742', 'Bengali', 'Poppy', 'Shewen', '1', 'pshewen7', '5.72', 'Female', '96 Tony Trail', '45440', 'Dayton', 'Ohio', 'United States');
INSERT INTO Users (phone, language, first_name, last_name, total_orders, username, total_spent, pronouns, address_street, address_zip, address_city, address_state, address_country) VALUES ('601-152-5191', 'Greek', 'Ardith', 'Bown', '169', 'abown8', '9.81', 'Female', '893 Coleman Point', '39236', 'Jackson', 'Mississippi', 'United States');
INSERT INTO Users (phone, language, first_name, last_name, total_orders, username, total_spent, pronouns, address_street, address_zip, address_city, address_state, address_country) VALUES ('770-175-1598', 'Indonesian', 'Karmen', 'Scalia', '92', 'kscalia9', '1.71', 'Female', '40827 Nova Center', '30311', 'Atlanta', 'Georgia', 'United States');
INSERT INTO Users (phone, language, first_name, last_name, total_orders, username, total_spent, pronouns, address_street, address_zip, address_city, address_state, address_country) VALUES ('786-840-0259', 'Belarusian', 'Kerstin', 'Gromley', '152', 'kgromleya', '2.05', 'Female', '087 Shelley Alley', '33034', 'Homestead', 'Florida', 'United States');
INSERT INTO Users (phone, language, first_name, last_name, total_orders, username, total_spent, pronouns, address_street, address_zip, address_city, address_state, address_country) VALUES ('415-560-8075', 'Kashmiri', 'Adriena', 'Blakesley', '144', 'ablakesleyb', '2.80', 'Agender', '7176 Sage Street', '94137', 'San Francisco', 'California', 'United States');
INSERT INTO Users (phone, language, first_name, last_name, total_orders, username, total_spent, pronouns, address_street, address_zip, address_city, address_state, address_country) VALUES ('216-578-5335', 'Malay', 'Rhoda', 'Gosby', '184', 'rgosbyc', '4.17', 'Female', '7668 Lunder Drive', '44118', 'Cleveland', 'Ohio', 'United States');
INSERT INTO Users (phone, language, first_name, last_name, total_orders, username, total_spent, pronouns, address_street, address_zip, address_city, address_state, address_country) VALUES ('912-557-7545', 'Persian', 'Alameda', 'Greening', '65', 'agreeningd', '4.66', 'Female', '5274 Golden Leaf Park', '31416', 'Savannah', 'Georgia', 'United States');
INSERT INTO Users (phone, language, first_name, last_name, total_orders, username, total_spent, pronouns, address_street, address_zip, address_city, address_state, address_country) VALUES ('323-292-9448', 'Catalan', 'Orel', 'McInnerny', '20', 'omcinnernye', '0.37', 'Female', '37153 Kim Hill', '91205', 'Glendale', 'California', 'United States');
INSERT INTO Users (phone, language, first_name, last_name, total_orders, username, total_spent, pronouns, address_street, address_zip, address_city, address_state, address_country) VALUES ('434-564-2196', 'Malay', 'Ferdy', 'Murrhardt', '189', 'fmurrhardtf', '3.04', 'Male', '04635 Lindbergh Alley', '22903', 'Charlottesville', 'Virginia', 'United States');
INSERT INTO Users (phone, language, first_name, last_name, total_orders, username, total_spent, pronouns, address_street, address_zip, address_city, address_state, address_country) VALUES ('210-846-6361', 'Bislama', 'Rayner', 'Feaveryear', '135', 'rfeaveryearg', '6.05', 'Male', '70 Morrow Parkway', '78215', 'San Antonio', 'Texas', 'United States');
INSERT INTO Users (phone, language, first_name, last_name, total_orders, username, total_spent, pronouns, address_street, address_zip, address_city, address_state, address_country) VALUES ('919-865-8790', 'Kazakh', 'Llewellyn', 'Dinnington', '175', 'ldinningtonh', '0.21', 'Male', '5 Veith Street', '27705', 'Durham', 'North Carolina', 'United States');
INSERT INTO Users (phone, language, first_name, last_name, total_orders, username, total_spent, pronouns, address_street, address_zip, address_city, address_state, address_country) VALUES ('409-470-1590', 'Burmese', 'Reece', 'Emanueli', '56', 'remanuelii', '2.44', 'Male', '0725 Mcbride Center', '77388', 'Spring', 'Texas', 'United States');
INSERT INTO Users (phone, language, first_name, last_name, total_orders, username, total_spent, pronouns, address_street, address_zip, address_city, address_state, address_country) VALUES ('801-929-4020', 'New Zealand Sign Language', 'Brose', 'Machin', '175', 'bmachinj', '3.78', 'Non-binary', '68 Montana Plaza', '84140', 'Salt Lake City', 'Utah', 'United States');
INSERT INTO Users (phone, language, first_name, last_name, total_orders, username, total_spent, pronouns, address_street, address_zip, address_city, address_state, address_country) VALUES ('212-949-3298', 'Japanese', 'Ive', 'Spens', '64', 'ispensk', '1.32', 'Male', '300 Hollow Ridge Street', '10125', 'New York City', 'New York', 'United States');
INSERT INTO Users (phone, language, first_name, last_name, total_orders, username, total_spent, pronouns, address_street, address_zip, address_city, address_state, address_country) VALUES ('860-857-0583', 'Aymara', 'Boris', 'Gymblett', '54', 'bgymblettl', '7.47', 'Non-binary', '3 Brown Court', '06145', 'Hartford', 'Connecticut', 'United States');
INSERT INTO Users (phone, language, first_name, last_name, total_orders, username, total_spent, pronouns, address_street, address_zip, address_city, address_state, address_country) VALUES ('765-211-9581', 'Marathi', 'Graig', 'Trask', '31', 'gtraskm', '1.92', 'Male', '62942 Mayer Lane', '47306', 'Muncie', 'Indiana', 'United States');
INSERT INTO Users (phone, language, first_name, last_name, total_orders, username, total_spent, pronouns, address_street, address_zip, address_city, address_state, address_country) VALUES ('314-944-7883', 'Nepali', 'Skipper', 'McGuffog', '49', 'smcguffogn', '7.40', 'Male', '2 Dahle Street', '63121', 'Saint Louis', 'Missouri', 'United States');
INSERT INTO Users (phone, language, first_name, last_name, total_orders, username, total_spent, pronouns, address_street, address_zip, address_city, address_state, address_country) VALUES ('916-644-0681', 'Thai', 'Griff', 'Alloway', '167', 'gallowayo', '6.38', 'Male', '3342 Dennis Plaza', '94273', 'Sacramento', 'California', 'United States');
INSERT INTO Users (phone, language, first_name, last_name, total_orders, username, total_spent, pronouns, address_street, address_zip, address_city, address_state, address_country) VALUES ('404-717-9379', 'Maltese', 'Hedvige', 'Minger', '118', 'hmingerp', '4.24', 'Female', '4 Dryden Avenue', '30368', 'Atlanta', 'Georgia', 'United States');
INSERT INTO Users (phone, language, first_name, last_name, total_orders, username, total_spent, pronouns, address_street, address_zip, address_city, address_state, address_country) VALUES ('336-819-9333', 'Swahili', 'Thoma', 'Burnapp', '114', 'tburnappq', '1.94', 'Male', '2 Spohn Point', '27116', 'Winston Salem', 'North Carolina', 'United States');
INSERT INTO Users (phone, language, first_name, last_name, total_orders, username, total_spent, pronouns, address_street, address_zip, address_city, address_state, address_country) VALUES ('786-963-0787', 'Icelandic', 'Maurice', 'Beacom', '109', 'mbeacomr', '9.65', 'Male', '5580 Shopko Point', '33124', 'Miami', 'Florida', 'United States');
INSERT INTO Users (phone, language, first_name, last_name, total_orders, username, total_spent, pronouns, address_street, address_zip, address_city, address_state, address_country) VALUES ('757-575-1290', 'Tok Pisin', 'Avie', 'Backshell', '52', 'abackshells', '7.64', 'Female', '120 Eastlawn Plaza', '23520', 'Norfolk', 'Virginia', 'United States');
INSERT INTO Users (phone, language, first_name, last_name, total_orders, username, total_spent, pronouns, address_street, address_zip, address_city, address_state, address_country) VALUES ('801-329-9627', 'Azeri', 'Corissa', 'Vickerman', '119', 'cvickermant', '6.35', 'Female', '545 Pleasure Avenue', '84605', 'Provo', 'Utah', 'United States');
INSERT INTO Users (phone, language, first_name, last_name, total_orders, username, total_spent, pronouns, address_street, address_zip, address_city, address_state, address_country) VALUES ('650-681-5924', 'New Zealand Sign Language', 'Eachelle', 'Toner', '106', 'etoneru', '1.30', 'Female', '96770 Amoth Junction', '94042', 'Mountain View', 'California', 'United States');
INSERT INTO Users (phone, language, first_name, last_name, total_orders, username, total_spent, pronouns, address_street, address_zip, address_city, address_state, address_country) VALUES ('850-345-0625', 'Hungarian', 'Judie', 'Vinten', '124', 'jvintenv', '5.28', 'Female', '0 Kings Street', '32405', 'Panama City', 'Florida', 'United States');
INSERT INTO Users (phone, language, first_name, last_name, total_orders, username, total_spent, pronouns, address_street, address_zip, address_city, address_state, address_country) VALUES ('949-677-8171', 'Tok Pisin', 'Jerad', 'Larcher', '68', 'jlarcherw', '8.29', 'Male', '646 Rigney Alley', '92619', 'Irvine', 'California', 'United States');
INSERT INTO Users (phone, language, first_name, last_name, total_orders, username, total_spent, pronouns, address_street, address_zip, address_city, address_state, address_country) VALUES ('971-195-1652', 'Pashto', 'Sibyl', 'Mattam', '102', 'smattamx', '5.47', 'Female', '1 Roxbury Lane', '97312', 'Salem', 'Oregon', 'United States');
INSERT INTO Users (phone, language, first_name, last_name, total_orders, username, total_spent, pronouns, address_street, address_zip, address_city, address_state, address_country) VALUES ('213-144-4505', 'Catalan', 'Carrissa', 'Conman', '70', 'cconmany', '8.96', 'Female', '464 Debra Road', '90055', 'Los Angeles', 'California', 'United States');
INSERT INTO Users (phone, language, first_name, last_name, total_orders, username, total_spent, pronouns, address_street, address_zip, address_city, address_state, address_country) VALUES ('413-195-4809', 'Marathi', 'Rutherford', 'Stivani', '31', 'rstivaniz', '4.29', 'Male', '2917 Anderson Place', '01114', 'Springfield', 'Massachusetts', 'United States');
INSERT INTO Users (phone, language, first_name, last_name, total_orders, username, total_spent, pronouns, address_street, address_zip, address_city, address_state, address_country) VALUES ('213-385-1103', 'Telugu', 'Devlen', 'O\'Loughane', '70', 'doloughane10', '4.44', 'Male', '0 Troy Avenue', '90055', 'Los Angeles', 'California', 'United States');
INSERT INTO Users (phone, language, first_name, last_name, total_orders, username, total_spent, pronouns, address_street, address_zip, address_city, address_state, address_country) VALUES ('574-332-7295', 'Moldovan', 'Waring', 'Yakobovicz', '114', 'wyakobovicz11', '9.78', 'Male', '359 Eastwood Way', '46614', 'South Bend', 'Indiana', 'United States');
INSERT INTO Users (phone, language, first_name, last_name, total_orders, username, total_spent, pronouns, address_street, address_zip, address_city, address_state, address_country) VALUES ('559-572-0187', 'Armenian', 'Lyda', 'Adriaens', '75', 'ladriaens12', '4.33', 'Female', '8 Shopko Terrace', '93715', 'Fresno', 'California', 'United States');
INSERT INTO Users (phone, language, first_name, last_name, total_orders, username, total_spent, pronouns, address_street, address_zip, address_city, address_state, address_country) VALUES ('202-281-3873', 'Filipino', 'Shawna', 'Cranefield', '129', 'scranefield13', '6.80', 'Female', '4 Artisan Trail', '20051', 'Washington', 'District of Columbia', 'United States');
INSERT INTO Users (phone, language, first_name, last_name, total_orders, username, total_spent, pronouns, address_street, address_zip, address_city, address_state, address_country) VALUES ('612-648-0506', 'Maltese', 'Allen', 'Doodney', '50', 'adoodney14', '6.25', 'Male', '2 Eagan Way', '55487', 'Minneapolis', 'Minnesota', 'United States');
INSERT INTO Users (phone, language, first_name, last_name, total_orders, username, total_spent, pronouns, address_street, address_zip, address_city, address_state, address_country) VALUES ('334-400-2661', 'Mongolian', 'Helen-elizabeth', 'Mallison', '11', 'hmallison15', '0.69', 'Genderfluid', '0 Chive Crossing', '36104', 'Montgomery', 'Alabama', 'United States');
INSERT INTO Users (phone, language, first_name, last_name, total_orders, username, total_spent, pronouns, address_street, address_zip, address_city, address_state, address_country) VALUES ('703-592-1492', 'Mongolian', 'Glynda', 'Neill', '13', 'gneill16', '0.22', 'Female', '5 Buhler Alley', '22301', 'Alexandria', 'Virginia', 'United States');
INSERT INTO Users (phone, language, first_name, last_name, total_orders, username, total_spent, pronouns, address_street, address_zip, address_city, address_state, address_country) VALUES ('337-846-1981', 'Belarusian', 'Abraham', 'Rounding', '112', 'arounding17', '3.92', 'Polygender', '594 Troy Avenue', '70607', 'Lake Charles', 'Louisiana', 'United States');
INSERT INTO Users (phone, language, first_name, last_name, total_orders, username, total_spent, pronouns, address_street, address_zip, address_city, address_state, address_country) VALUES ('509-961-1957', 'Bislama', 'Therese', 'Astie', '52', 'tastie18', '6.66', 'Female', '071 Barnett Crossing', '99215', 'Spokane', 'Washington', 'United States');
INSERT INTO Users (phone, language, first_name, last_name, total_orders, username, total_spent, pronouns, address_street, address_zip, address_city, address_state, address_country) VALUES ('786-681-9638', 'Icelandic', 'Kathryn', 'Toping', '177', 'ktoping19', '8.94', 'Female', '8835 Porter Lane', '33134', 'Miami', 'Florida', 'United States');
INSERT INTO Users (phone, language, first_name, last_name, total_orders, username, total_spent, pronouns, address_street, address_zip, address_city, address_state, address_country) VALUES ('915-853-5318', 'Fijian', 'Artemas', 'Phalip', '29', 'aphalip1a', '6.07', 'Male', '01463 Grover Court', '79968', 'El Paso', 'Texas', 'United States');
INSERT INTO Users (phone, language, first_name, last_name, total_orders, username, total_spent, pronouns, address_street, address_zip, address_city, address_state, address_country) VALUES ('510-768-0433', 'Tajik', 'Birgit', 'Romayne', '76', 'bromayne1b', '3.83', 'Female', '055 Blaine Drive', '92612', 'Irvine', 'California', 'United States');
INSERT INTO Users (phone, language, first_name, last_name, total_orders, username, total_spent, pronouns, address_street, address_zip, address_city, address_state, address_country) VALUES ('719-311-5172', 'Assamese', 'Emily', 'Freen', '99', 'efreen1c', '2.13', 'Agender', '977 Morningstar Court', '81005', 'Pueblo', 'Colorado', 'United States');
INSERT INTO Users (phone, language, first_name, last_name, total_orders, username, total_spent, pronouns, address_street, address_zip, address_city, address_state, address_country) VALUES ('804-337-6699', 'Khmer', 'Jana', 'Colbrun', '15', 'jcolbrun1d', '8.46', 'Female', '432 Sheridan Trail', '23293', 'Richmond', 'Virginia', 'United States');
INSERT INTO Users (phone, language, first_name, last_name, total_orders, username, total_spent, pronouns, address_street, address_zip, address_city, address_state, address_country) VALUES ('702-566-0095', 'Māori', 'Purcell', 'Rampage', '180', 'prampage1e', '2.69', 'Male', '114 Myrtle Pass', '89155', 'Las Vegas', 'Nevada', 'United States');
INSERT INTO Users (phone, language, first_name, last_name, total_orders, username, total_spent, pronouns, address_street, address_zip, address_city, address_state, address_country) VALUES ('314-823-3077', 'Bosnian', 'Frederik', 'Dongall', '20', 'fdongall1f', '3.00', 'Male', '9900 Farwell Plaza', '63104', 'Saint Louis', 'Missouri', 'United States');
INSERT INTO Users (phone, language, first_name, last_name, total_orders, username, total_spent, pronouns, address_street, address_zip, address_city, address_state, address_country) VALUES ('806-659-0386', 'Albanian', 'Ashlee', 'Caroli', '86', 'acaroli1g', '9.93', 'Female', '906 Blaine Pass', '79452', 'Lubbock', 'Texas', 'United States');
INSERT INTO Users (phone, language, first_name, last_name, total_orders, username, total_spent, pronouns, address_street, address_zip, address_city, address_state, address_country) VALUES ('502-584-8893', 'Kashmiri', 'Stearne', 'Casarini', '135', 'scasarini1h', '8.13', 'Male', '405 Dapin Street', '41905', 'Migrate', 'Kentucky', 'United States');
INSERT INTO Users (phone, language, first_name, last_name, total_orders, username, total_spent, pronouns, address_street, address_zip, address_city, address_state, address_country) VALUES ('312-216-1937', 'Quechua', 'Cristobal', 'Gasking', '9', 'cgasking1i', '9.29', 'Male', '8601 Buhler Hill', '60604', 'Chicago', 'Illinois', 'United States');
INSERT INTO Users (phone, language, first_name, last_name, total_orders, username, total_spent, pronouns, address_street, address_zip, address_city, address_state, address_country) VALUES ('806-807-4832', 'Indonesian', 'Vaclav', 'Prahm', '160', 'vprahm1j', '2.17', 'Genderfluid', '7 Green Street', '79452', 'Lubbock', 'Texas', 'United States');
INSERT INTO Users (phone, language, first_name, last_name, total_orders, username, total_spent, pronouns, address_street, address_zip, address_city, address_state, address_country) VALUES ('404-463-0336', 'Portuguese', 'Katherina', 'Matej', '157', 'kmatej1k', '2.40', 'Female', '42680 Red Cloud Center', '31190', 'Atlanta', 'Georgia', 'United States');
INSERT INTO Users (phone, language, first_name, last_name, total_orders, username, total_spent, pronouns, address_street, address_zip, address_city, address_state, address_country) VALUES ('501-414-0938', 'Malayalam', 'Sue', 'Nann', '93', 'snann1l', '3.48', 'Female', '90 Fair Oaks Park', '72209', 'Little Rock', 'Arkansas', 'United States');
INSERT INTO Users (phone, language, first_name, last_name, total_orders, username, total_spent, pronouns, address_street, address_zip, address_city, address_state, address_country) VALUES ('415-444-2081', 'Greek', 'Kevan', 'Janiak', '7', 'kjaniak1m', '8.16', 'Male', '5 Talmadge Parkway', '94913', 'San Rafael', 'California', 'United States');
INSERT INTO Users (phone, language, first_name, last_name, total_orders, username, total_spent, pronouns, address_street, address_zip, address_city, address_state, address_country) VALUES ('510-885-9265', 'Chinese', 'Corny', 'Fynan', '151', 'cfynan1n', '8.98', 'Female', '85118 Mcbride Center', '95823', 'Sacramento', 'California', 'United States');
INSERT INTO Users (phone, language, first_name, last_name, total_orders, username, total_spent, pronouns, address_street, address_zip, address_city, address_state, address_country) VALUES ('920-446-6585', 'Greek', 'Aleksandr', 'Slym', '20', 'aslym1o', '7.13', 'Male', '17719 Hallows Avenue', '53205', 'Milwaukee', 'Wisconsin', 'United States');
INSERT INTO Users (phone, language, first_name, last_name, total_orders, username, total_spent, pronouns, address_street, address_zip, address_city, address_state, address_country) VALUES ('407-295-7884', 'Macedonian', 'Sabrina', 'Rain', '15', 'srain1p', '2.94', 'Female', '7633 Gerald Plaza', '32891', 'Orlando', 'Florida', 'United States');
INSERT INTO Users (phone, language, first_name, last_name, total_orders, username, total_spent, pronouns, address_street, address_zip, address_city, address_state, address_country) VALUES ('609-161-8547', 'Arabic', 'Leela', 'Vagges', '125', 'lvagges1q', '3.33', 'Female', '988 Scofield Pass', '08650', 'Trenton', 'New Jersey', 'United States');
INSERT INTO Users (phone, language, first_name, last_name, total_orders, username, total_spent, pronouns, address_street, address_zip, address_city, address_state, address_country) VALUES ('253-217-9325', 'Moldovan', 'Prentice', 'Hriinchenko', '34', 'phriinchenko1r', '1.39', 'Male', '61775 Spohn Park', '98424', 'Tacoma', 'Washington', 'United States');
INSERT INTO Users (phone, language, first_name, last_name, total_orders, username, total_spent, pronouns, address_street, address_zip, address_city, address_state, address_country) VALUES ('702-742-9858', 'Tamil', 'Jayne', 'Heine', '48', 'jheine1s', '4.85', 'Female', '4 Prairieview Avenue', '89012', 'Henderson', 'Nevada', 'United States');
INSERT INTO Users (phone, language, first_name, last_name, total_orders, username, total_spent, pronouns, address_street, address_zip, address_city, address_state, address_country) VALUES ('480-449-9572', 'Malay', 'Normy', 'Dublin', '119', 'ndublin1t', '0.26', 'Male', '839 Helena Center', '85246', 'Chandler', 'Arizona', 'United States');
INSERT INTO Users (phone, language, first_name, last_name, total_orders, username, total_spent, pronouns, address_street, address_zip, address_city, address_state, address_country) VALUES ('661-106-7648', 'Catalan', 'Bondy', 'Itschakov', '49', 'bitschakov1u', '7.04', 'Non-binary', '23916 Saint Paul Road', '93584', 'Lancaster', 'California', 'United States');
INSERT INTO Users (phone, language, first_name, last_name, total_orders, username, total_spent, pronouns, address_street, address_zip, address_city, address_state, address_country) VALUES ('206-963-4048', 'Hindi', 'Francyne', 'Aldis', '32', 'faldis1v', '9.76', 'Female', '23 Kingsford Road', '98127', 'Seattle', 'Washington', 'United States');
INSERT INTO Users (phone, language, first_name, last_name, total_orders, username, total_spent, pronouns, address_street, address_zip, address_city, address_state, address_country) VALUES ('770-855-0459', 'Quechua', 'Graig', 'Sego', '142', 'gsego1w', '8.84', 'Male', '0 Mitchell Road', '30061', 'Marietta', 'Georgia', 'United States');
INSERT INTO Users (phone, language, first_name, last_name, total_orders, username, total_spent, pronouns, address_street, address_zip, address_city, address_state, address_country) VALUES ('754-717-5819', 'Georgian', 'Maurise', 'Pflieger', '127', 'mpflieger1x', '8.90', 'Male', '194 Orin Lane', '33075', 'Pompano Beach', 'Florida', 'United States');
INSERT INTO Users (phone, language, first_name, last_name, total_orders, username, total_spent, pronouns, address_street, address_zip, address_city, address_state, address_country) VALUES ('406-858-9200', 'Telugu', 'Dalenna', 'Tidcomb', '84', 'dtidcomb1y', '9.60', 'Female', '91425 Messerschmidt Court', '59112', 'Billings', 'Montana', 'United States');
INSERT INTO Users (phone, language, first_name, last_name, total_orders, username, total_spent, pronouns, address_street, address_zip, address_city, address_state, address_country) VALUES ('760-924-0111', 'Ndebele', 'Evin', 'Pittman', '88', 'epittman1z', '9.30', 'Male', '7 Hayes Crossing', '92127', 'San Diego', 'California', 'United States');
INSERT INTO Users (phone, language, first_name, last_name, total_orders, username, total_spent, pronouns, address_street, address_zip, address_city, address_state, address_country) VALUES ('714-882-0972', 'Portuguese', 'Francois', 'Ablott', '106', 'fablott20', '1.28', 'Male', '1 Buhler Plaza', '92867', 'Orange', 'California', 'United States');
INSERT INTO Users (phone, language, first_name, last_name, total_orders, username, total_spent, pronouns, address_street, address_zip, address_city, address_state, address_country) VALUES ('319-871-1670', 'Kyrgyz', 'Geoffry', 'Ainsbury', '152', 'gainsbury21', '9.63', 'Male', '6864 Burning Wood Road', '52410', 'Cedar Rapids', 'Iowa', 'United States');
INSERT INTO Users (phone, language, first_name, last_name, total_orders, username, total_spent, pronouns, address_street, address_zip, address_city, address_state, address_country) VALUES ('716-142-5073', 'Tajik', 'Remy', 'Mander', '87', 'rmander22', '4.27', 'Female', '861 Karstens Center', '14276', 'Buffalo', 'New York', 'United States');
INSERT INTO Users (phone, language, first_name, last_name, total_orders, username, total_spent, pronouns, address_street, address_zip, address_city, address_state, address_country) VALUES ('713-493-5351', 'Lao', 'Madlen', 'Cumbes', '47', 'mcumbes23', '0.60', 'Female', '399 Orin Place', '77212', 'Houston', 'Texas', 'United States');
INSERT INTO Users (phone, language, first_name, last_name, total_orders, username, total_spent, pronouns, address_street, address_zip, address_city, address_state, address_country) VALUES ('213-819-7402', 'Thai', 'Georgette', 'O\'Hallihane', '11', 'gohallihane24', '4.68', 'Female', '323 Parkside Junction', '90055', 'Los Angeles', 'California', 'United States');
INSERT INTO Users (phone, language, first_name, last_name, total_orders, username, total_spent, pronouns, address_street, address_zip, address_city, address_state, address_country) VALUES ('859-761-3853', 'Haitian Creole', 'Daile', 'Schimank', '56', 'dschimank25', '3.00', 'Female', '90073 Granby Center', '40586', 'Lexington', 'Kentucky', 'United States');
INSERT INTO Users (phone, language, first_name, last_name, total_orders, username, total_spent, pronouns, address_street, address_zip, address_city, address_state, address_country) VALUES ('949-499-6965', 'Hungarian', 'Lonnard', 'Vigurs', '55', 'lvigurs26', '1.20', 'Male', '3 Corscot Circle', '92619', 'Irvine', 'California', 'United States');
INSERT INTO Users (phone, language, first_name, last_name, total_orders, username, total_spent, pronouns, address_street, address_zip, address_city, address_state, address_country) VALUES ('317-216-0125', 'Romanian', 'Marya', 'Corain', '104', 'mcorain27', '2.67', 'Female', '722 Oxford Point', '46295', 'Indianapolis', 'Indiana', 'United States');
INSERT INTO Users (phone, language, first_name, last_name, total_orders, username, total_spent, pronouns, address_street, address_zip, address_city, address_state, address_country) VALUES ('518-289-7771', 'Burmese', 'Aurel', 'Tumielli', '116', 'atumielli28', '9.85', 'Female', '78 Prentice Parkway', '12262', 'Albany', 'New York', 'United States');
INSERT INTO Users (phone, language, first_name, last_name, total_orders, username, total_spent, pronouns, address_street, address_zip, address_city, address_state, address_country) VALUES ('281-689-2705', 'Tamil', 'Jacobo', 'Mallabone', '82', 'jmallabone29', '7.45', 'Male', '57440 Onsgard Road', '77065', 'Houston', 'Texas', 'United States');
INSERT INTO Users (phone, language, first_name, last_name, total_orders, username, total_spent, pronouns, address_street, address_zip, address_city, address_state, address_country) VALUES ('602-413-0232', 'Malay', 'Glory', 'Bassindale', '161', 'gbassindale2a', '3.31', 'Female', '254 Londonderry Road', '85067', 'Phoenix', 'Arizona', 'United States');
INSERT INTO Users (phone, language, first_name, last_name, total_orders, username, total_spent, pronouns, address_street, address_zip, address_city, address_state, address_country) VALUES ('718-963-7837', 'Bosnian', 'Roxanna', 'Habbes', '11', 'rhabbes2b', '5.32', 'Female', '3 Lighthouse Bay Terrace', '11231', 'Brooklyn', 'New York', 'United States');
INSERT INTO Users (phone, language, first_name, last_name, total_orders, username, total_spent, pronouns, address_street, address_zip, address_city, address_state, address_country) VALUES ('256-672-3257', 'Italian', 'Olva', 'Cretney', '142', 'ocretney2c', '6.81', 'Female', '70 Novick Center', '35815', 'Huntsville', 'Alabama', 'United States');
INSERT INTO Users (phone, language, first_name, last_name, total_orders, username, total_spent, pronouns, address_street, address_zip, address_city, address_state, address_country) VALUES ('217-751-9409', 'Telugu', 'Mirella', 'Facher', '50', 'mfacher2d', '2.44', 'Female', '643 Dwight Park', '62705', 'Springfield', 'Illinois', 'United States');
INSERT INTO Users (phone, language, first_name, last_name, total_orders, username, total_spent, pronouns, address_street, address_zip, address_city, address_state, address_country) VALUES ('619-835-6030', 'Tajik', 'Belva', 'Gitsham', '63', 'bgitsham2e', '5.71', 'Female', '0698 Bayside Avenue', '92170', 'San Diego', 'California', 'United States');
INSERT INTO Users (phone, language, first_name, last_name, total_orders, username, total_spent, pronouns, address_street, address_zip, address_city, address_state, address_country) VALUES ('510-447-9352', 'Gujarati', 'Olwen', 'Pendlenton', '135', 'opendlenton2f', '6.14', 'Female', '03868 Sherman Pass', '94705', 'Berkeley', 'California', 'United States');
INSERT INTO Users (phone, language, first_name, last_name, total_orders, username, total_spent, pronouns, address_street, address_zip, address_city, address_state, address_country) VALUES ('225-547-0572', 'Filipino', 'Ruthie', 'Delafont', '158', 'rdelafont2g', '3.63', 'Female', '2186 Pennsylvania Alley', '70894', 'Baton Rouge', 'Louisiana', 'United States');
INSERT INTO Users (phone, language, first_name, last_name, total_orders, username, total_spent, pronouns, address_street, address_zip, address_city, address_state, address_country) VALUES ('402-751-9925', 'Moldovan', 'Kelby', 'Hynard', '27', 'khynard2h', '7.57', 'Agender', '8 Buena Vista Terrace', '68105', 'Omaha', 'Nebraska', 'United States');
INSERT INTO Users (phone, language, first_name, last_name, total_orders, username, total_spent, pronouns, address_street, address_zip, address_city, address_state, address_country) VALUES ('713-528-1671', 'Marathi', 'Cornie', 'Lowless', '107', 'clowless2i', '5.73', 'Male', '8 Quincy Point', '77055', 'Houston', 'Texas', 'United States');
INSERT INTO Users (phone, language, first_name, last_name, total_orders, username, total_spent, pronouns, address_street, address_zip, address_city, address_state, address_country) VALUES ('432-839-6012', 'Bosnian', 'Ike', 'Rubinovitsch', '94', 'irubinovitsch2j', '6.12', 'Male', '838 Superior Parkway', '79764', 'Odessa', 'Texas', 'United States');
INSERT INTO Users (phone, language, first_name, last_name, total_orders, username, total_spent, pronouns, address_street, address_zip, address_city, address_state, address_country) VALUES ('954-590-1204', 'Azeri', 'Constantino', 'Partington', '35', 'cpartington2k', '3.42', 'Male', '3 Redwing Circle', '33315', 'Fort Lauderdale', 'Florida', 'United States');
INSERT INTO Users (phone, language, first_name, last_name, total_orders, username, total_spent, pronouns, address_street, address_zip, address_city, address_state, address_country) VALUES ('805-899-1224', 'Tok Pisin', 'Filippo', 'Elgram', '29', 'felgram2l', '3.73', 'Male', '7217 Atwood Alley', '93111', 'Santa Barbara', 'California', 'United States');
INSERT INTO Users (phone, language, first_name, last_name, total_orders, username, total_spent, pronouns, address_street, address_zip, address_city, address_state, address_country) VALUES ('913-286-5588', 'Luxembourgish', 'Phip', 'Hanning', '52', 'phanning2m', '5.39', 'Male', '6 Hollow Ridge Parkway', '66160', 'Kansas City', 'Kansas', 'United States');
INSERT INTO Users (phone, language, first_name, last_name, total_orders, username, total_spent, pronouns, address_street, address_zip, address_city, address_state, address_country) VALUES ('901-542-0808', 'Ndebele', 'Doretta', 'Horsley', '7', 'dhorsley2n', '1.08', 'Female', '809 Spenser Pass', '38188', 'Memphis', 'Tennessee', 'United States');
INSERT INTO Users (phone, language, first_name, last_name, total_orders, username, total_spent, pronouns, address_street, address_zip, address_city, address_state, address_country) VALUES ('330-711-4850', 'Irish Gaelic', 'Humfrey', 'Flye', '100', 'hflye2o', '5.60', 'Male', '9495 Mccormick Trail', '44710', 'Canton', 'Ohio', 'United States');
INSERT INTO Users (phone, language, first_name, last_name, total_orders, username, total_spent, pronouns, address_street, address_zip, address_city, address_state, address_country) VALUES ('501-993-5340', 'Dzongkha', 'Margette', 'Anwell', '7', 'manwell2p', '5.87', 'Female', '76 Roth Road', '72118', 'North Little Rock', 'Arkansas', 'United States');
INSERT INTO Users (phone, language, first_name, last_name, total_orders, username, total_spent, pronouns, address_street, address_zip, address_city, address_state, address_country) VALUES ('916-501-4926', 'Georgian', 'Norby', 'Luckett', '6', 'nluckett2q', '3.90', 'Male', '702 Brickson Park Hill', '94286', 'Sacramento', 'California', 'United States');
INSERT INTO Users (phone, language, first_name, last_name, total_orders, username, total_spent, pronouns, address_street, address_zip, address_city, address_state, address_country) VALUES ('502-116-0418', 'Indonesian', 'Jenni', 'McCallister', '97', 'jmccallister2r', '2.03', 'Bigender', '33 Portage Point', '40225', 'Louisville', 'Kentucky', 'United States');

INSERT INTO Restaurant (phone_number, address_street, address_state, address_city, address_zip, address_country, name) VALUES ('(330) 4187953', '922 Petterle Pass', 'Ohio', 'Akron', '44315', 'United States', 'Yodoo');
INSERT INTO Restaurant (phone_number, address_street, address_state, address_city, address_zip, address_country, name) VALUES ('(212) 4139655', '6905 Corry Court', 'New York', 'New York City', '10125', 'United States', 'Buzzdog');
INSERT INTO Restaurant (phone_number, address_street, address_state, address_city, address_zip, address_country, name) VALUES ('(208) 2275949', '99 Lerdahl Court', 'Idaho', 'Boise', '83722', 'United States', 'Quinu');
INSERT INTO Restaurant (phone_number, address_street, address_state, address_city, address_zip, address_country, name) VALUES ('(512) 4180026', '1743 Kropf Center', 'Texas', 'Austin', '78715', 'United States', 'Edgeclub');
INSERT INTO Restaurant (phone_number, address_street, address_state, address_city, address_zip, address_country, name) VALUES ('(816) 1067731', '00 Granby Hill', 'Missouri', 'Kansas City', '64187', 'United States', 'Camimbo');
INSERT INTO Restaurant (phone_number, address_street, address_state, address_city, address_zip, address_country, name) VALUES ('(212) 9576244', '56 Duke Parkway', 'New York', 'New York City', '10160', 'United States', 'Realfire');
INSERT INTO Restaurant (phone_number, address_street, address_state, address_city, address_zip, address_country, name) VALUES ('(617) 5857974', '3 Service Park', 'Massachusetts', 'Boston', '02298', 'United States', 'Realbridge');
INSERT INTO Restaurant (phone_number, address_street, address_state, address_city, address_zip, address_country, name) VALUES ('(334) 7785976', '78059 Lukken Trail', 'Alabama', 'Montgomery', '36195', 'United States', 'Voonte');
INSERT INTO Restaurant (phone_number, address_street, address_state, address_city, address_zip, address_country, name) VALUES ('(510) 5583407', '237 Hanover Parkway', 'California', 'Oakland', '94611', 'United States', 'Roodel');
INSERT INTO Restaurant (phone_number, address_street, address_state, address_city, address_zip, address_country, name) VALUES ('(559) 5226251', '979 Hayes Pass', 'California', 'Fresno', '93715', 'United States', 'Trilia');
INSERT INTO Restaurant (phone_number, address_street, address_state, address_city, address_zip, address_country, name) VALUES ('(254) 1744971', '8 Browning Court', 'Texas', 'Waco', '76705', 'United States', 'Riffpedia');
INSERT INTO Restaurant (phone_number, address_street, address_state, address_city, address_zip, address_country, name) VALUES ('(318) 5954708', '28 New Castle Point', 'Louisiana', 'Shreveport', '71151', 'United States', 'Jabbertype');
INSERT INTO Restaurant (phone_number, address_street, address_state, address_city, address_zip, address_country, name) VALUES ('(602) 4086307', '5 Lerdahl Park', 'Arizona', 'Phoenix', '85062', 'United States', 'Feedbug');
INSERT INTO Restaurant (phone_number, address_street, address_state, address_city, address_zip, address_country, name) VALUES ('(304) 4291424', '5 8th Crossing', 'West Virginia', 'Huntington', '25775', 'United States', 'Thoughtbridge');
INSERT INTO Restaurant (phone_number, address_street, address_state, address_city, address_zip, address_country, name) VALUES ('(682) 9187141', '91 Eagan Plaza', 'Texas', 'Fort Worth', '76192', 'United States', 'Trilith');
INSERT INTO Restaurant (phone_number, address_street, address_state, address_city, address_zip, address_country, name) VALUES ('(208) 2871637', '1707 Browning Junction', 'Idaho', 'Boise', '83732', 'United States', 'Podcat');
INSERT INTO Restaurant (phone_number, address_street, address_state, address_city, address_zip, address_country, name) VALUES ('(702) 7375065', '9877 Loeprich Alley', 'Nevada', 'Las Vegas', '89160', 'United States', 'Midel');
INSERT INTO Restaurant (phone_number, address_street, address_state, address_city, address_zip, address_country, name) VALUES ('(410) 1844068', '87 Westend Place', 'Maryland', 'Baltimore', '21216', 'United States', 'Chatterpoint');
INSERT INTO Restaurant (phone_number, address_street, address_state, address_city, address_zip, address_country, name) VALUES ('(360) 7734023', '1 Parkside Plaza', 'Washington', 'Olympia', '98506', 'United States', 'Photolist');
INSERT INTO Restaurant (phone_number, address_street, address_state, address_city, address_zip, address_country, name) VALUES ('(952) 8751678', '0 Northland Parkway', 'Minnesota', 'Young America', '55564', 'United States', 'Ainyx');
INSERT INTO Restaurant (phone_number, address_street, address_state, address_city, address_zip, address_country, name) VALUES ('(231) 1315242', '50 Park Meadow Hill', 'Michigan', 'Muskegon', '49444', 'United States', 'Meembee');
INSERT INTO Restaurant (phone_number, address_street, address_state, address_city, address_zip, address_country, name) VALUES ('(312) 5006812', '96 Vermont Road', 'Illinois', 'Aurora', '60505', 'United States', 'Realbuzz');
INSERT INTO Restaurant (phone_number, address_street, address_state, address_city, address_zip, address_country, name) VALUES ('(910) 3928728', '7 Blaine Road', 'North Carolina', 'Wilmington', '28405', 'United States', 'Livetube');
INSERT INTO Restaurant (phone_number, address_street, address_state, address_city, address_zip, address_country, name) VALUES ('(214) 6761629', '95157 Linden Parkway', 'Texas', 'Dallas', '75379', 'United States', 'JumpXS');
INSERT INTO Restaurant (phone_number, address_street, address_state, address_city, address_zip, address_country, name) VALUES ('(240) 8141369', '9 Blue Bill Park Court', 'Maryland', 'Hagerstown', '21747', 'United States', 'Divavu');
INSERT INTO Restaurant (phone_number, address_street, address_state, address_city, address_zip, address_country, name) VALUES ('(251) 3272652', '75 Amoth Road', 'Alabama', 'Mobile', '36670', 'United States', 'Zava');
INSERT INTO Restaurant (phone_number, address_street, address_state, address_city, address_zip, address_country, name) VALUES ('(214) 5835040', '39075 Dayton Circle', 'Texas', 'Dallas', '75387', 'United States', 'Devbug');
INSERT INTO Restaurant (phone_number, address_street, address_state, address_city, address_zip, address_country, name) VALUES ('(432) 7566036', '01 Dexter Lane', 'Texas', 'Midland', '79710', 'United States', 'Tazz');
INSERT INTO Restaurant (phone_number, address_street, address_state, address_city, address_zip, address_country, name) VALUES ('(617) 7204920', '13 Londonderry Plaza', 'Massachusetts', 'Boston', '02203', 'United States', 'Shuffledrive');
INSERT INTO Restaurant (phone_number, address_street, address_state, address_city, address_zip, address_country, name) VALUES ('(213) 4018004', '26 Bartelt Trail', 'California', 'Los Angeles', '90030', 'United States', 'Riffpedia2');
INSERT INTO Restaurant (phone_number, address_street, address_state, address_city, address_zip, address_country, name) VALUES ('(325) 9334589', '95 Westerfield Alley', 'Texas', 'San Angelo', '76905', 'United States', 'Eazzy');
INSERT INTO Restaurant (phone_number, address_street, address_state, address_city, address_zip, address_country, name) VALUES ('(405) 4581816', '0020 Jenna Lane', 'Oklahoma', 'Oklahoma City', '73135', 'United States', 'Meeveo');
INSERT INTO Restaurant (phone_number, address_street, address_state, address_city, address_zip, address_country, name) VALUES ('(202) 1558713', '15 Little Fleur Point', 'District of Columbia', 'Washington', '20220', 'United States', 'Topicblab');
INSERT INTO Restaurant (phone_number, address_street, address_state, address_city, address_zip, address_country, name) VALUES ('(913) 1719122', '22 Tennyson Alley', 'Kansas', 'Kansas City', '66160', 'United States', 'Jaxbean');
INSERT INTO Restaurant (phone_number, address_street, address_state, address_city, address_zip, address_country, name) VALUES ('(971) 4187020', '96 Green Ridge Circle', 'Oregon', 'Portland', '97229', 'United States', 'Gabcube');
INSERT INTO Restaurant (phone_number, address_street, address_state, address_city, address_zip, address_country, name) VALUES ('(775) 7973245', '972 Eastwood Hill', 'Nevada', 'Reno', '89510', 'United States', 'Photobug');
INSERT INTO Restaurant (phone_number, address_street, address_state, address_city, address_zip, address_country, name) VALUES ('(404) 5419012', '73 Hansons Plaza', 'Georgia', 'Atlanta', '31165', 'United States', 'Oloo');
INSERT INTO Restaurant (phone_number, address_street, address_state, address_city, address_zip, address_country, name) VALUES ('(337) 8485761', '6 Artisan Place', 'Louisiana', 'Lafayette', '70505', 'United States', 'Skinte');
INSERT INTO Restaurant (phone_number, address_street, address_state, address_city, address_zip, address_country, name) VALUES ('(917) 2974309', '98594 Tennyson Street', 'New York', 'New York City', '10004', 'United States', 'Mycat');
INSERT INTO Restaurant (phone_number, address_street, address_state, address_city, address_zip, address_country, name) VALUES ('(413) 7137858', '73 Manley Place', 'Massachusetts', 'Springfield', '01105', 'United States', 'Nlounge');
INSERT INTO Restaurant (phone_number, address_street, address_state, address_city, address_zip, address_country, name) VALUES ('(585) 4508705', '700 Clove Park', 'New York', 'Rochester', '14614', 'United States', 'Divanoodle');
INSERT INTO Restaurant (phone_number, address_street, address_state, address_city, address_zip, address_country, name) VALUES ('(512) 1316532', '7479 Scoville Lane', 'Texas', 'Austin', '78726', 'United States', 'Tagopia');
INSERT INTO Restaurant (phone_number, address_street, address_state, address_city, address_zip, address_country, name) VALUES ('(562) 5002544', '7143 International Avenue', 'California', 'Long Beach', '90831', 'United States', 'Oyonder');
INSERT INTO Restaurant (phone_number, address_street, address_state, address_city, address_zip, address_country, name) VALUES ('(717) 8601240', '61 Sullivan Center', 'Pennsylvania', 'Harrisburg', '17126', 'United States', 'Trilith2');
INSERT INTO Restaurant (phone_number, address_street, address_state, address_city, address_zip, address_country, name) VALUES ('(609) 9897334', '35 Bayside Drive', 'New Jersey', 'Trenton', '08650', 'United States', 'Topdrive');
INSERT INTO Restaurant (phone_number, address_street, address_state, address_city, address_zip, address_country, name) VALUES ('(614) 4051819', '149 Lawn Alley', 'Ohio', 'Columbus', '43268', 'United States', 'Meedoo');
INSERT INTO Restaurant (phone_number, address_street, address_state, address_city, address_zip, address_country, name) VALUES ('(706) 9871013', '3651 Duke Alley', 'Georgia', 'Augusta', '30905', 'United States', 'Skiba');
INSERT INTO Restaurant (phone_number, address_street, address_state, address_city, address_zip, address_country, name) VALUES ('(757) 5311778', '66313 Sunfield Parkway', 'Virginia', 'Hampton', '23663', 'United States', 'Eazzy2');
INSERT INTO Restaurant (phone_number, address_street, address_state, address_city, address_zip, address_country, name) VALUES ('(718) 9535983', '146 Crescent Oaks Avenue', 'New York', 'Staten Island', '10305', 'United States', 'Tavu');
INSERT INTO Restaurant (phone_number, address_street, address_state, address_city, address_zip, address_country, name) VALUES ('(415) 5591532', '13 Morrow Court', 'California', 'San Rafael', '94913', 'United States', 'Rhybox');
INSERT INTO Restaurant (phone_number, address_street, address_state, address_city, address_zip, address_country, name) VALUES ('(707) 4495513', '7 Elka Lane', 'California', 'Petaluma', '94975', 'United States', 'Fadeo');
INSERT INTO Restaurant (phone_number, address_street, address_state, address_city, address_zip, address_country, name) VALUES ('(310) 7178102', '38128 Ramsey Center', 'California', 'Fresno', '93762', 'United States', 'Flashpoint');
INSERT INTO Restaurant (phone_number, address_street, address_state, address_city, address_zip, address_country, name) VALUES ('(801) 7920144', '953 Waubesa Road', 'Utah', 'Salt Lake City', '84115', 'United States', 'Mudo');
INSERT INTO Restaurant (phone_number, address_street, address_state, address_city, address_zip, address_country, name) VALUES ('(209) 1289335', '28867 Farmco Road', 'California', 'Stockton', '95210', 'United States', 'Mymm');
INSERT INTO Restaurant (phone_number, address_street, address_state, address_city, address_zip, address_country, name) VALUES ('(717) 2010179', '29698 Stang Hill', 'Pennsylvania', 'Harrisburg', '17110', 'United States', 'Skiba2');
INSERT INTO Restaurant (phone_number, address_street, address_state, address_city, address_zip, address_country, name) VALUES ('(757) 4314930', '82986 Union Hill', 'Virginia', 'Chesapeake', '23324', 'United States', 'Shufflebeat');
INSERT INTO Restaurant (phone_number, address_street, address_state, address_city, address_zip, address_country, name) VALUES ('(215) 3554662', '54 Clemons Road', 'Pennsylvania', 'Philadelphia', '19191', 'United States', 'Zooveo');
INSERT INTO Restaurant (phone_number, address_street, address_state, address_city, address_zip, address_country, name) VALUES ('(719) 5123838', '76273 Briar Crest Trail', 'Colorado', 'Colorado Springs', '80945', 'United States', 'Avavee');
INSERT INTO Restaurant (phone_number, address_street, address_state, address_city, address_zip, address_country, name) VALUES ('(918) 4347722', '83 Ruskin Pass', 'Oklahoma', 'Tulsa', '74103', 'United States', 'Thoughtworks');
INSERT INTO Restaurant (phone_number, address_street, address_state, address_city, address_zip, address_country, name) VALUES ('(937) 7663807', '717 South Street', 'Ohio', 'Dayton', '45440', 'United States', 'Omba');
INSERT INTO Restaurant (phone_number, address_street, address_state, address_city, address_zip, address_country, name) VALUES ('(571) 8627776', '4726 Sullivan Park', 'Virginia', 'Dulles', '20189', 'United States', 'Topiclounge');
INSERT INTO Restaurant (phone_number, address_street, address_state, address_city, address_zip, address_country, name) VALUES ('(615) 4886975', '5160 Merchant Lane', 'Tennessee', 'Nashville', '37220', 'United States', 'Thoughtworks2');
INSERT INTO Restaurant (phone_number, address_street, address_state, address_city, address_zip, address_country, name) VALUES ('(806) 4771504', '2 Grasskamp Terrace', 'Texas', 'Lubbock', '79405', 'United States', 'Dynabox');
INSERT INTO Restaurant (phone_number, address_street, address_state, address_city, address_zip, address_country, name) VALUES ('(360) 6803099', '078 Bunker Hill Pass', 'Washington', 'Vancouver', '98682', 'United States', 'Browsebug');
INSERT INTO Restaurant (phone_number, address_street, address_state, address_city, address_zip, address_country, name) VALUES ('(330) 3682352', '60 East Terrace', 'Ohio', 'Youngstown', '44505', 'United States', 'Roombo');
INSERT INTO Restaurant (phone_number, address_street, address_state, address_city, address_zip, address_country, name) VALUES ('(407) 1009352', '34314 Maywood Park', 'Florida', 'Orlando', '32885', 'United States', 'Twitterlist');
INSERT INTO Restaurant (phone_number, address_street, address_state, address_city, address_zip, address_country, name) VALUES ('(614) 6786899', '84 Darwin Crossing', 'Ohio', 'Columbus', '43268', 'United States', 'Skibox');
INSERT INTO Restaurant (phone_number, address_street, address_state, address_city, address_zip, address_country, name) VALUES ('(214) 2613364', '0020 Mitchell Circle', 'Texas', 'Dallas', '75372', 'United States', 'Oyondu');
INSERT INTO Restaurant (phone_number, address_street, address_state, address_city, address_zip, address_country, name) VALUES ('(406) 9306488', '8 Evergreen Trail', 'Montana', 'Billings', '59112', 'United States', 'Voomm');
INSERT INTO Restaurant (phone_number, address_street, address_state, address_city, address_zip, address_country, name) VALUES ('(518) 4224016', '49040 Sunnyside Hill', 'New York', 'Albany', '12205', 'United States', 'Eimbee');
INSERT INTO Restaurant (phone_number, address_street, address_state, address_city, address_zip, address_country, name) VALUES ('(304) 4507851', '64199 Victoria Drive', 'West Virginia', 'Charleston', '25336', 'United States', 'Livetube2');
INSERT INTO Restaurant (phone_number, address_street, address_state, address_city, address_zip, address_country, name) VALUES ('(978) 1277643', '515 Towne Place', 'Massachusetts', 'Boston', '02283', 'United States', 'Jabbersphere');
INSERT INTO Restaurant (phone_number, address_street, address_state, address_city, address_zip, address_country, name) VALUES ('(504) 1454017', '89322 Sheridan Pass', 'Louisiana', 'New Orleans', '70174', 'United States', 'Edgetag');
INSERT INTO Restaurant (phone_number, address_street, address_state, address_city, address_zip, address_country, name) VALUES ('(504) 2820266', '24 Everett Center', 'Louisiana', 'New Orleans', '70187', 'United States', 'Twitterbridge');
INSERT INTO Restaurant (phone_number, address_street, address_state, address_city, address_zip, address_country, name) VALUES ('(917) 5879765', '55958 Bunker Hill Center', 'New York', 'New York City', '10105', 'United States', 'Npath');
INSERT INTO Restaurant (phone_number, address_street, address_state, address_city, address_zip, address_country, name) VALUES ('(517) 7527502', '79 Drewry Crossing', 'Michigan', 'Lansing', '48919', 'United States', 'Quinu2');
INSERT INTO Restaurant (phone_number, address_street, address_state, address_city, address_zip, address_country, name) VALUES ('(757) 5681632', '9 Ilene Alley', 'Virginia', 'Virginia Beach', '23454', 'United States', 'Zoomlounge');
INSERT INTO Restaurant (phone_number, address_street, address_state, address_city, address_zip, address_country, name) VALUES ('(321) 7302693', '267 Main Park', 'Florida', 'Orlando', '32835', 'United States', 'Feedfire');
INSERT INTO Restaurant (phone_number, address_street, address_state, address_city, address_zip, address_country, name) VALUES ('(434) 8720851', '37308 Dayton Hill', 'Virginia', 'Lynchburg', '24515', 'United States', 'Mydeo');
INSERT INTO Restaurant (phone_number, address_street, address_state, address_city, address_zip, address_country, name) VALUES ('(513) 3285203', '0 Clyde Gallagher Pass', 'Ohio', 'Cincinnati', '45999', 'United States', 'Miboo');
INSERT INTO Restaurant (phone_number, address_street, address_state, address_city, address_zip, address_country, name) VALUES ('(806) 3764522', '2411 Nevada Center', 'Texas', 'Lubbock', '79491', 'United States', 'Flashset');
INSERT INTO Restaurant (phone_number, address_street, address_state, address_city, address_zip, address_country, name) VALUES ('(813) 3575160', '62461 Jenna Way', 'Florida', 'Tampa', '33647', 'United States', 'Zooxo');
INSERT INTO Restaurant (phone_number, address_street, address_state, address_city, address_zip, address_country, name) VALUES ('(209) 6629496', '9409 Bunker Hill Avenue', 'California', 'Fresno', '93726', 'United States', 'Fliptune');
INSERT INTO Restaurant (phone_number, address_street, address_state, address_city, address_zip, address_country, name) VALUES ('(414) 9599053', '42670 Arizona Junction', 'Wisconsin', 'Milwaukee', '53205', 'United States', 'Skimia');
INSERT INTO Restaurant (phone_number, address_street, address_state, address_city, address_zip, address_country, name) VALUES ('(303) 3061899', '263 8th Trail', 'Colorado', 'Denver', '80291', 'United States', 'Buzzshare');
INSERT INTO Restaurant (phone_number, address_street, address_state, address_city, address_zip, address_country, name) VALUES ('(816) 2034965', '56 Debs Hill', 'Missouri', 'Kansas City', '64136', 'United States', 'Lazzy');
INSERT INTO Restaurant (phone_number, address_street, address_state, address_city, address_zip, address_country, name) VALUES ('(202) 7456754', '4 Coleman Terrace', 'District of Columbia', 'Washington', '20036', 'United States', 'Innotype');
INSERT INTO Restaurant (phone_number, address_street, address_state, address_city, address_zip, address_country, name) VALUES ('(202) 7027709', '825 Gateway Lane', 'District of Columbia', 'Washington', '20337', 'United States', 'Skimia2');
INSERT INTO Restaurant (phone_number, address_street, address_state, address_city, address_zip, address_country, name) VALUES ('(404) 4571302', '83231 La Follette Terrace', 'Georgia', 'Duluth', '30096', 'United States', 'Twimm');
INSERT INTO Restaurant (phone_number, address_street, address_state, address_city, address_zip, address_country, name) VALUES ('(719) 8754663', '33866 Beilfuss Crossing', 'Colorado', 'Pueblo', '81010', 'United States', 'Kanoodle');
INSERT INTO Restaurant (phone_number, address_street, address_state, address_city, address_zip, address_country, name) VALUES ('(619) 7411617', '991 Rigney Park', 'California', 'San Diego', '92176', 'United States', 'Shufflebeat2');
INSERT INTO Restaurant (phone_number, address_street, address_state, address_city, address_zip, address_country, name) VALUES ('(260) 7269709', '4456 Elgar Court', 'Indiana', 'Fort Wayne', '46896', 'United States', 'Izio');
INSERT INTO Restaurant (phone_number, address_street, address_state, address_city, address_zip, address_country, name) VALUES ('(772) 8191963', '7 Morning Point', 'Florida', 'Fort Pierce', '34981', 'United States', 'Voonyx');
INSERT INTO Restaurant (phone_number, address_street, address_state, address_city, address_zip, address_country, name) VALUES ('(217) 1403107', '34477 Logan Place', 'Illinois', 'Springfield', '62764', 'United States', 'Shufflebeat3');
INSERT INTO Restaurant (phone_number, address_street, address_state, address_city, address_zip, address_country, name) VALUES ('(808) 9020614', '62 7th Trail', 'Hawaii', 'Honolulu', '96840', 'United States', 'Layo');
INSERT INTO Restaurant (phone_number, address_street, address_state, address_city, address_zip, address_country, name) VALUES ('(760) 9599062', '6995 Center Parkway', 'California', 'Carlsbad', '92013', 'United States', 'Flipopia');
INSERT INTO Restaurant (phone_number, address_street, address_state, address_city, address_zip, address_country, name) VALUES ('(716) 4124396', '10461 Graceland Road', 'New York', 'Buffalo', '14205', 'United States', 'Janyx');
INSERT INTO Restaurant (phone_number, address_street, address_state, address_city, address_zip, address_country, name) VALUES ('(704) 7000695', '9 Golf Course Hill', 'North Carolina', 'Charlotte', '28289', 'United States', 'Mydo');
INSERT INTO Restaurant (phone_number, address_street, address_state, address_city, address_zip, address_country, name) VALUES ('(212) 6116817', '19 Kinsman Trail', 'New York', 'Jamaica', '11470', 'United States', 'Eimbee2');
INSERT INTO Restaurant (phone_number, address_street, address_state, address_city, address_zip, address_country, name) VALUES ('(616) 2045862', '48 Rusk Point', 'Michigan', 'Grand Rapids', '49544', 'United States', 'Yodoo2');

INSERT INTO Menu (menuId, name, promotions) VALUES ('8968807337', 'Meedoo', 'phasellus in felis donec semper sapien a libero nam dui proin leo odio porttitor id consequat in consequat');
INSERT INTO Menu (menuId, name, promotions) VALUES ('8517331923', 'Livetube', 'pharetra magna vestibulum aliquet ultrices erat tortor sollicitudin mi sit amet lobortis sapien sapien non mi integer ac');
INSERT INTO Menu (menuId, name, promotions) VALUES ('3791058029', 'Npath', 'rutrum nulla tellus in sagittis dui vel nisl duis ac nibh fusce lacus purus');
INSERT INTO Menu (menuId, name, promotions) VALUES ('0858801604', 'Janyx', 'sollicitudin mi sit amet lobortis sapien sapien non mi integer ac neque duis bibendum');
INSERT INTO Menu (menuId, name, promotions) VALUES ('7592973243', 'Skimia', 'sed magna at nunc commodo placerat praesent blandit nam nulla integer pede justo lacinia eget tincidunt eget tempus');
INSERT INTO Menu (menuId, name, promotions) VALUES ('9761281841', 'Topicblab', 'convallis tortor risus dapibus augue vel accumsan tellus nisi eu orci mauris lacinia sapien quis');
INSERT INTO Menu (menuId, name, promotions) VALUES ('0687431255', 'Dynabox', 'amet nunc viverra dapibus nulla suscipit ligula in lacus curabitur at ipsum ac tellus semper interdum mauris ullamcorper purus');
INSERT INTO Menu (menuId, name, promotions) VALUES ('1491320680', 'Twitterlist', 'molestie hendrerit at vulputate vitae nisl aenean lectus pellentesque eget nunc donec quis orci');
INSERT INTO Menu (menuId, name, promotions) VALUES ('9046943798', 'Podcat', 'etiam pretium iaculis justo in hac habitasse platea dictumst etiam faucibus cursus urna ut tellus nulla');
INSERT INTO Menu (menuId, name, promotions) VALUES ('2954345683', 'Midel', 'sit amet nunc viverra dapibus nulla suscipit ligula in lacus curabitur at ipsum ac');
INSERT INTO Menu (menuId, name, promotions) VALUES ('7040719835', 'Yodoo', 'mus vivamus vestibulum sagittis sapien cum sociis natoque penatibus et magnis');
INSERT INTO Menu (menuId, name, promotions) VALUES ('8968400784', 'Flashpoint', 'convallis duis consequat dui nec nisi volutpat eleifend donec ut dolor');
INSERT INTO Menu (menuId, name, promotions) VALUES ('3887550978', 'Avavee', 'donec vitae nisi nam ultrices libero non mattis pulvinar nulla pede ullamcorper augue');
INSERT INTO Menu (menuId, name, promotions) VALUES ('0040433358', 'Edgeclub', 'elit proin risus praesent lectus vestibulum quam sapien varius ut blandit non interdum');
INSERT INTO Menu (menuId, name, promotions) VALUES ('0379754096', 'Trilith', 'non lectus aliquam sit amet diam in magna bibendum imperdiet nullam orci pede');
INSERT INTO Menu (menuId, name, promotions) VALUES ('4746962154', 'Midel', 'pellentesque eget nunc donec quis orci eget orci vehicula condimentum curabitur');
INSERT INTO Menu (menuId, name, promotions) VALUES ('2228374369', 'Gabcube', 'vestibulum proin eu mi nulla ac enim in tempor turpis nec euismod scelerisque quam turpis adipiscing lorem');
INSERT INTO Menu (menuId, name, promotions) VALUES ('4664627262', 'Skimia', 'pretium quis lectus suspendisse potenti in eleifend quam a odio');
INSERT INTO Menu (menuId, name, promotions) VALUES ('7946414331', 'Realbridge', 'felis ut at dolor quis odio consequat varius integer ac leo');
INSERT INTO Menu (menuId, name, promotions) VALUES ('5953328842', 'Kanoodle', 'a libero nam dui proin leo odio porttitor id consequat in consequat ut nulla');
INSERT INTO Menu (menuId, name, promotions) VALUES ('6539458134', 'Thoughtbridge', 'dictumst etiam faucibus cursus urna ut tellus nulla ut erat id mauris');
INSERT INTO Menu (menuId, name, promotions) VALUES ('9413512299', 'Mydo', 'condimentum neque sapien placerat ante nulla justo aliquam quis turpis eget elit sodales scelerisque mauris sit');
INSERT INTO Menu (menuId, name, promotions) VALUES ('3400918776', 'Meedoo', 'id nulla ultrices aliquet maecenas leo odio condimentum id luctus nec molestie sed justo pellentesque viverra pede ac diam');
INSERT INTO Menu (menuId, name, promotions) VALUES ('8958943378', 'Mudo', 'eleifend pede libero quis orci nullam molestie nibh in lectus pellentesque at nulla suspendisse potenti');
INSERT INTO Menu (menuId, name, promotions) VALUES ('8797236071', 'Realfire', 'lorem ipsum dolor sit amet consectetuer adipiscing elit proin interdum mauris non');
INSERT INTO Menu (menuId, name, promotions) VALUES ('3077425726', 'Thoughtbridge', 'ac leo pellentesque ultrices mattis odio donec vitae nisi nam ultrices libero non');
INSERT INTO Menu (menuId, name, promotions) VALUES ('3029101088', 'Voomm', 'lobortis est phasellus sit amet erat nulla tempus vivamus in felis');
INSERT INTO Menu (menuId, name, promotions) VALUES ('2536962210', 'Trilia', 'euismod scelerisque quam turpis adipiscing lorem vitae mattis nibh ligula nec sem duis aliquam convallis nunc proin at');
INSERT INTO Menu (menuId, name, promotions) VALUES ('8285533034', 'Miboo', 'cubilia curae duis faucibus accumsan odio curabitur convallis duis consequat dui nec nisi volutpat');
INSERT INTO Menu (menuId, name, promotions) VALUES ('0041254899', 'Ainyx', 'phasellus id sapien in sapien iaculis congue vivamus metus arcu adipiscing');
INSERT INTO Menu (menuId, name, promotions) VALUES ('7731035506', 'Shufflebeat', 'suscipit nulla elit ac nulla sed vel enim sit amet nunc viverra');
INSERT INTO Menu (menuId, name, promotions) VALUES ('5078438068', 'Feedfire', 'vestibulum ac est lacinia nisi venenatis tristique fusce congue diam id ornare imperdiet sapien urna pretium nisl ut volutpat');
INSERT INTO Menu (menuId, name, promotions) VALUES ('1905769709', 'Trilith', 'at nibh in hac habitasse platea dictumst aliquam augue quam');
INSERT INTO Menu (menuId, name, promotions) VALUES ('9721944378', 'Voonyx', 'ullamcorper augue a suscipit nulla elit ac nulla sed vel enim sit amet nunc');
INSERT INTO Menu (menuId, name, promotions) VALUES ('7970307450', 'Flipopia', 'nisi vulputate nonummy maecenas tincidunt lacus at velit vivamus vel nulla eget eros elementum pellentesque');
INSERT INTO Menu (menuId, name, promotions) VALUES ('1133080707', 'Tazz', 'erat eros viverra eget congue eget semper rutrum nulla nunc purus phasellus in felis donec semper sapien');
INSERT INTO Menu (menuId, name, promotions) VALUES ('5075493343', 'Midel', 'sit amet sapien dignissim vestibulum vestibulum ante ipsum primis in faucibus orci luctus et ultrices posuere cubilia');
INSERT INTO Menu (menuId, name, promotions) VALUES ('7536944012', 'Zoomlounge', 'eu est congue elementum in hac habitasse platea dictumst morbi vestibulum velit id pretium iaculis diam erat fermentum');
INSERT INTO Menu (menuId, name, promotions) VALUES ('4285948370', 'Zooveo', 'ligula vehicula consequat morbi a ipsum integer a nibh in');
INSERT INTO Menu (menuId, name, promotions) VALUES ('8087510445', 'Tavu', 'lectus in quam fringilla rhoncus mauris enim leo rhoncus sed vestibulum sit amet cursus id turpis integer aliquet massa id');
INSERT INTO Menu (menuId, name, promotions) VALUES ('9719060565', 'Mudo', 'consequat nulla nisl nunc nisl duis bibendum felis sed interdum venenatis turpis enim blandit mi in porttitor pede justo');
INSERT INTO Menu (menuId, name, promotions) VALUES ('3904225103', 'Feedbug', 'aliquam augue quam sollicitudin vitae consectetuer eget rutrum at lorem integer tincidunt ante vel ipsum praesent');
INSERT INTO Menu (menuId, name, promotions) VALUES ('6279451674', 'Kanoodle', 'id justo sit amet sapien dignissim vestibulum vestibulum ante ipsum primis in faucibus orci luctus et ultrices');
INSERT INTO Menu (menuId, name, promotions) VALUES ('2949633366', 'Topdrive', 'interdum mauris ullamcorper purus sit amet nulla quisque arcu libero rutrum ac lobortis');
INSERT INTO Menu (menuId, name, promotions) VALUES ('2547787792', 'Livetube', 'sed sagittis nam congue risus semper porta volutpat quam pede lobortis ligula');
INSERT INTO Menu (menuId, name, promotions) VALUES ('9512785137', 'Layo', 'dui luctus rutrum nulla tellus in sagittis dui vel nisl duis ac nibh');
INSERT INTO Menu (menuId, name, promotions) VALUES ('5553784174', 'Skibox', 'lobortis vel dapibus at diam nam tristique tortor eu pede');
INSERT INTO Menu (menuId, name, promotions) VALUES ('5886395083', 'Yodoo', 'velit vivamus vel nulla eget eros elementum pellentesque quisque porta volutpat erat quisque erat eros viverra eget congue');
INSERT INTO Menu (menuId, name, promotions) VALUES ('2069366073', 'Yodoo', 'phasellus in felis donec semper sapien a libero nam dui proin');
INSERT INTO Menu (menuId, name, promotions) VALUES ('6861298980', 'Flashset', 'duis faucibus accumsan odio curabitur convallis duis consequat dui nec nisi volutpat eleifend donec ut dolor morbi vel');
INSERT INTO Menu (menuId, name, promotions) VALUES ('5186322725', 'Eimbee', 'eros elementum pellentesque quisque porta volutpat erat quisque erat eros viverra eget congue eget semper rutrum');
INSERT INTO Menu (menuId, name, promotions) VALUES ('0424198843', 'Topiclounge', 'tellus in sagittis dui vel nisl duis ac nibh fusce lacus purus aliquet at feugiat non pretium quis lectus');
INSERT INTO Menu (menuId, name, promotions) VALUES ('1137051736', 'Camimbo', 'erat eros viverra eget congue eget semper rutrum nulla nunc purus');
INSERT INTO Menu (menuId, name, promotions) VALUES ('8441100004', 'Buzzshare', 'a libero nam dui proin leo odio porttitor id consequat in consequat ut nulla sed accumsan');
INSERT INTO Menu (menuId, name, promotions) VALUES ('8034267775', 'Tazz', 'lacus at turpis donec posuere metus vitae ipsum aliquam non mauris morbi non lectus aliquam sit amet diam in');
INSERT INTO Menu (menuId, name, promotions) VALUES ('4669782258', 'Feedbug', 'justo pellentesque viverra pede ac diam cras pellentesque volutpat dui maecenas tristique est et tempus semper est quam pharetra magna');
INSERT INTO Menu (menuId, name, promotions) VALUES ('5458621816', 'Skiba', 'amet sem fusce consequat nulla nisl nunc nisl duis bibendum felis sed interdum');
INSERT INTO Menu (menuId, name, promotions) VALUES ('1339321378', 'Buzzdog', 'orci luctus et ultrices posuere cubilia curae donec pharetra magna vestibulum aliquet ultrices erat tortor');
INSERT INTO Menu (menuId, name, promotions) VALUES ('5879012778', 'Jabbertype', 'justo morbi ut odio cras mi pede malesuada in imperdiet et commodo');
INSERT INTO Menu (menuId, name, promotions) VALUES ('5035589404', 'Mycat', 'et ultrices posuere cubilia curae nulla dapibus dolor vel est donec odio justo sollicitudin ut suscipit');
INSERT INTO Menu (menuId, name, promotions) VALUES ('7721526841', 'Eazzy', 'aliquet maecenas leo odio condimentum id luctus nec molestie sed justo pellentesque viverra pede ac');
INSERT INTO Menu (menuId, name, promotions) VALUES ('7981166594', 'Shuffledrive', 'consequat lectus in est risus auctor sed tristique in tempus sit amet');
INSERT INTO Menu (menuId, name, promotions) VALUES ('4464368115', 'Feedfire', 'suscipit ligula in lacus curabitur at ipsum ac tellus semper interdum mauris ullamcorper purus');
INSERT INTO Menu (menuId, name, promotions) VALUES ('2804286460', 'Feedbug', 'nec euismod scelerisque quam turpis adipiscing lorem vitae mattis nibh ligula nec sem duis aliquam convallis nunc proin at');
INSERT INTO Menu (menuId, name, promotions) VALUES ('0545193516', 'Shufflebeat', 'lacinia nisi venenatis tristique fusce congue diam id ornare imperdiet sapien urna pretium nisl ut');
INSERT INTO Menu (menuId, name, promotions) VALUES ('5319473982', 'Oloo', 'mus vivamus vestibulum sagittis sapien cum sociis natoque penatibus et magnis');
INSERT INTO Menu (menuId, name, promotions) VALUES ('2247740545', 'Browsebug', 'curae duis faucibus accumsan odio curabitur convallis duis consequat dui nec nisi volutpat eleifend');
INSERT INTO Menu (menuId, name, promotions) VALUES ('4479988211', 'Voomm', 'etiam pretium iaculis justo in hac habitasse platea dictumst etiam faucibus cursus urna ut tellus nulla');
INSERT INTO Menu (menuId, name, promotions) VALUES ('6453463520', 'Shufflebeat', 'vulputate ut ultrices vel augue vestibulum ante ipsum primis in faucibus orci luctus et ultrices posuere');
INSERT INTO Menu (menuId, name, promotions) VALUES ('0199347190', 'Zooxo', 'feugiat non pretium quis lectus suspendisse potenti in eleifend quam');
INSERT INTO Menu (menuId, name, promotions) VALUES ('9504639542', 'Thoughtworks', 'eget orci vehicula condimentum curabitur in libero ut massa volutpat convallis morbi odio odio elementum');
INSERT INTO Menu (menuId, name, promotions) VALUES ('0774425806', 'Skiba', 'nec molestie sed justo pellentesque viverra pede ac diam cras pellentesque volutpat dui maecenas tristique est et');
INSERT INTO Menu (menuId, name, promotions) VALUES ('2769797980', 'Innotype', 'magna ac consequat metus sapien ut nunc vestibulum ante ipsum');
INSERT INTO Menu (menuId, name, promotions) VALUES ('1049775147', 'Npath', 'pharetra magna ac consequat metus sapien ut nunc vestibulum ante ipsum');
INSERT INTO Menu (menuId, name, promotions) VALUES ('1312882689', 'Gabcube', 'dapibus dolor vel est donec odio justo sollicitudin ut suscipit a feugiat et eros vestibulum ac');
INSERT INTO Menu (menuId, name, promotions) VALUES ('2354261640', 'Oyondu', 'molestie lorem quisque ut erat curabitur gravida nisi at nibh in hac');
INSERT INTO Menu (menuId, name, promotions) VALUES ('4054774024', 'Kanoodle', 'convallis eget eleifend luctus ultricies eu nibh quisque id justo sit amet sapien');
INSERT INTO Menu (menuId, name, promotions) VALUES ('3995528554', 'Lazzy', 'posuere cubilia curae mauris viverra diam vitae quam suspendisse potenti nullam porttitor lacus at turpis donec posuere metus');
INSERT INTO Menu (menuId, name, promotions) VALUES ('2752440626', 'Tagopia', 'posuere cubilia curae duis faucibus accumsan odio curabitur convallis duis consequat dui nec nisi volutpat eleifend');
INSERT INTO Menu (menuId, name, promotions) VALUES ('5368509057', 'Thoughtworks', 'mi pede malesuada in imperdiet et commodo vulputate justo in blandit ultrices enim lorem ipsum');
INSERT INTO Menu (menuId, name, promotions) VALUES ('5122252750', 'Gabcube', 'at feugiat non pretium quis lectus suspendisse potenti in eleifend quam');
INSERT INTO Menu (menuId, name, promotions) VALUES ('9875923303', 'Dynabox', 'suscipit a feugiat et eros vestibulum ac est lacinia nisi venenatis tristique fusce congue diam id ornare imperdiet sapien');
INSERT INTO Menu (menuId, name, promotions) VALUES ('2219190463', 'Zava', 'fusce lacus purus aliquet at feugiat non pretium quis lectus suspendisse potenti in eleifend quam a odio in hac');
INSERT INTO Menu (menuId, name, promotions) VALUES ('6418092392', 'Roodel', 'ac tellus semper interdum mauris ullamcorper purus sit amet nulla quisque arcu libero rutrum ac');
INSERT INTO Menu (menuId, name, promotions) VALUES ('5391251079', 'Meeveo', 'ultrices mattis odio donec vitae nisi nam ultrices libero non mattis pulvinar nulla pede ullamcorper');
INSERT INTO Menu (menuId, name, promotions) VALUES ('6628212068', 'JumpXS', 'amet nulla quisque arcu libero rutrum ac lobortis vel dapibus at');
INSERT INTO Menu (menuId, name, promotions) VALUES ('6501854482', 'Realbuzz', 'amet eros suspendisse accumsan tortor quis turpis sed ante vivamus tortor duis mattis');
INSERT INTO Menu (menuId, name, promotions) VALUES ('4689537682', 'Skimia', 'at velit vivamus vel nulla eget eros elementum pellentesque quisque porta volutpat erat quisque erat eros viverra eget congue');
INSERT INTO Menu (menuId, name, promotions) VALUES ('0922236089', 'Shufflebeat', 'sapien ut nunc vestibulum ante ipsum primis in faucibus orci luctus et ultrices posuere');
INSERT INTO Menu (menuId, name, promotions) VALUES ('1057057827', 'Rhybox', 'blandit ultrices enim lorem ipsum dolor sit amet consectetuer adipiscing elit proin interdum mauris');
INSERT INTO Menu (menuId, name, promotions) VALUES ('1190360365', 'Janyx', 'ultrices erat tortor sollicitudin mi sit amet lobortis sapien sapien non');
INSERT INTO Menu (menuId, name, promotions) VALUES ('2120896232', 'Zoomlounge', 'turpis enim blandit mi in porttitor pede justo eu massa donec dapibus duis at velit eu');
INSERT INTO Menu (menuId, name, promotions) VALUES ('9453622710', 'Flipopia', 'sit amet diam in magna bibendum imperdiet nullam orci pede venenatis');
INSERT INTO Menu (menuId, name, promotions) VALUES ('4949113143', 'Thoughtworks', 'eleifend luctus ultricies eu nibh quisque id justo sit amet sapien dignissim vestibulum vestibulum ante ipsum primis in');
INSERT INTO Menu (menuId, name, promotions) VALUES ('8191219123', 'Omba', 'ac est lacinia nisi venenatis tristique fusce congue diam id ornare imperdiet sapien');
INSERT INTO Menu (menuId, name, promotions) VALUES ('1639471944', 'Voonyx', 'eget tincidunt eget tempus vel pede morbi porttitor lorem id ligula suspendisse ornare consequat lectus in est');
INSERT INTO Menu (menuId, name, promotions) VALUES ('2882063180', 'Buzzshare', 'diam in magna bibendum imperdiet nullam orci pede venenatis non sodales sed tincidunt eu');
INSERT INTO Menu (menuId, name, promotions) VALUES ('5465736062', 'Oyonder', 'mattis pulvinar nulla pede ullamcorper augue a suscipit nulla elit ac nulla');
INSERT INTO Menu (menuId, name, promotions) VALUES ('4837336884', 'Avavee', 'id sapien in sapien iaculis congue vivamus metus arcu adipiscing molestie hendrerit at vulputate vitae nisl aenean');
INSERT INTO Menu (menuId, name, promotions) VALUES ('7613418731', 'Yodoo', 'orci luctus et ultrices posuere cubilia curae donec pharetra magna vestibulum aliquet');

INSERT INTO MenuItem (price, menuID, name) VALUES ('6.42', '9413512299', 'hamburger');
INSERT INTO MenuItem (price, menuID, name) VALUES ('4.56', '5122252750', 'pepper');
INSERT INTO MenuItem (price, menuID, name) VALUES ('7.43', '4689537682', 'salsa');
INSERT INTO MenuItem (price, menuID, name) VALUES ('4.89', '2954345683', 'strawberry');
INSERT INTO MenuItem (price, menuID, name) VALUES ('3.54', '9504639542', 'onion');
INSERT INTO MenuItem (price, menuID, name) VALUES ('8.26', '5458621816', 'hamburger cheese');
INSERT INTO MenuItem (price, menuID, name) VALUES ('7.73', '9453622710', 'tortilla');
INSERT INTO MenuItem (price, menuID, name) VALUES ('1.05', '2069366073', 'raspberry');
INSERT INTO MenuItem (price, menuID, name) VALUES ('2.61', '9413512299', 'eggs');
INSERT INTO MenuItem (price, menuID, name) VALUES ('1.93', '6628212068', 'hamburger beef');
INSERT INTO MenuItem (price, menuID, name) VALUES ('9.94', '5319473982', 'cheese');
INSERT INTO MenuItem (price, menuID, name) VALUES ('0.10', '6861298980', 'eggs hash');
INSERT INTO MenuItem (price, menuID, name) VALUES ('8.86', '0040433358', 'onions');
INSERT INTO MenuItem (price, menuID, name) VALUES ('8.36', '9719060565', 'onions peppers');
INSERT INTO MenuItem (price, menuID, name) VALUES ('4.79', '2228374369', 'banana');

INSERT INTO Orders (orderid, total_amount, items_amount, dropoff_instructions, ready_in, time_delivered, estimated_deliverytime, restaurant_name, driver) VALUES ('9152632458', '7100.52', '62', 'adipiscing elit proin interdum mauris non ligula pellentesque ultrices phasellus', '7', '4:53', '0:44', 'Lazz', '5590470374');
INSERT INTO Orders (orderid, total_amount, items_amount, dropoff_instructions, ready_in, time_delivered, estimated_deliverytime, restaurant_name, driver) VALUES ('1972193856', '7013.62', '34', 'nisi at nibh in hac habitasse platea dictumst aliquam augue quam sollicitudin vitae consectetuer eget rutrum at lorem integer tincidunt ante vel ipsum', '67', '6:09', '5:02', 'Dynava', '3320597671');
INSERT INTO Orders (orderid, total_amount, items_amount, dropoff_instructions, ready_in, time_delivered, estimated_deliverytime, restaurant_name, driver) VALUES ('9841415003', '1371.73', '15', 'interdum in ante vestibulum ante ipsum primis in faucibus orci luctus et ultrices posuere cubilia curae duis faucibus accumsan odio curabitur convallis duis consequat dui nec nisi volutpat eleifend', '90', '18:58', '5:24', 'Devcast', '6763571437');
INSERT INTO Orders (orderid, total_amount, items_amount, dropoff_instructions, ready_in, time_delivered, estimated_deliverytime, restaurant_name, driver) VALUES ('4930881862', '7733.38', '72', 'nibh in hac habitasse platea dictumst aliquam augue quam sollicitudin vitae consectetuer eget rutrum at lorem integer tincidunt', '85', '11:15', '0:21', 'Eimbee', '8671163202');
INSERT INTO Orders (orderid, total_amount, items_amount, dropoff_instructions, ready_in, time_delivered, estimated_deliverytime, restaurant_name, driver) VALUES ('7825734203', '1583.30', '90', 'sed magna at nunc commodo placerat praesent blandit nam nulla integer pede', '47', '17:55', '22:49', 'Brainbox', '9070515490');
INSERT INTO Orders (orderid, total_amount, items_amount, dropoff_instructions, ready_in, time_delivered, estimated_deliverytime, restaurant_name, driver) VALUES ('5165358070', '2938.34', '14', 'purus aliquet at feugiat non pretium quis lectus suspendisse potenti in eleifend quam a odio in hac habitasse platea', '34', '22:21', '13:23', 'Jatri', '9487498095');
INSERT INTO Orders (orderid, total_amount, items_amount, dropoff_instructions, ready_in, time_delivered, estimated_deliverytime, restaurant_name, driver) VALUES ('2101325314', '1454.48', '58', 'odio justo sollicitudin ut suscipit a feugiat et eros vestibulum', '60', '20:59', '1:00', 'Leenti', '7080679818');
INSERT INTO Orders (orderid, total_amount, items_amount, dropoff_instructions, ready_in, time_delivered, estimated_deliverytime, restaurant_name, driver) VALUES ('4432327227', '361.81', '79', 'gravida nisi at nibh in hac habitasse platea dictumst aliquam augue quam sollicitudin vitae consectetuer eget rutrum at lorem integer tincidunt ante vel', '63', '8:58', '22:03', 'Rhynyx', '9744007443');
INSERT INTO Orders (orderid, total_amount, items_amount, dropoff_instructions, ready_in, time_delivered, estimated_deliverytime, restaurant_name, driver) VALUES ('8332304091', '8056.84', '47', 'ut nulla sed accumsan felis ut at dolor quis odio consequat varius integer ac leo pellentesque ultrices mattis odio donec vitae nisi nam ultrices libero non mattis', '95', '5:41', '0:21', 'Vinder', '9881623707');
INSERT INTO Orders (orderid, total_amount, items_amount, dropoff_instructions, ready_in, time_delivered, estimated_deliverytime, restaurant_name, driver) VALUES ('8147456204', '5449.68', '68', 'mattis egestas metus aenean fermentum donec ut mauris eget massa tempor convallis nulla neque', '4', '6:51', '16:58', 'Wikizz', '9874646330');
INSERT INTO Orders (orderid, total_amount, items_amount, dropoff_instructions, ready_in, time_delivered, estimated_deliverytime, restaurant_name, driver) VALUES ('7801795520', '1954.46', '61', 'eget orci vehicula condimentum curabitur in libero ut massa volutpat convallis morbi odio odio elementum eu', '54', '4:19', '2:20', 'Feedspan', '0754425444');
INSERT INTO Orders (orderid, total_amount, items_amount, dropoff_instructions, ready_in, time_delivered, estimated_deliverytime, restaurant_name, driver) VALUES ('6060030408', '9716.30', '73', 'fringilla rhoncus mauris enim leo rhoncus sed vestibulum sit amet cursus id turpis integer aliquet massa id lobortis convallis tortor risus dapibus augue vel accumsan tellus nisi eu orci mauris', '97', '20:42', '11:55', 'Yotz', '0071835911');
INSERT INTO Orders (orderid, total_amount, items_amount, dropoff_instructions, ready_in, time_delivered, estimated_deliverytime, restaurant_name, driver) VALUES ('2431569721', '9207.27', '51', 'nulla ultrices aliquet maecenas leo odio condimentum id luctus nec molestie sed justo pellentesque viverra pede ac diam cras pellentesque volutpat dui maecenas tristique', '17', '5:35', '5:25', 'Voonder', '3914809221');
INSERT INTO Orders (orderid, total_amount, items_amount, dropoff_instructions, ready_in, time_delivered, estimated_deliverytime, restaurant_name, driver) VALUES ('1660495067', '3941.56', '96', 'in hac habitasse platea dictumst aliquam augue quam sollicitudin vitae consectetuer eget rutrum at lorem integer', '14', '0:29', '1:03', 'Skidoo', '2068332272');
INSERT INTO Orders (orderid, total_amount, items_amount, dropoff_instructions, ready_in, time_delivered, estimated_deliverytime, restaurant_name, driver) VALUES ('1612730329', '3936.85', '48', 'blandit lacinia erat vestibulum sed magna at nunc commodo placerat praesent', '44', '13:02', '0:40', 'Gabcube', '2108761853');
INSERT INTO Orders (orderid, total_amount, items_amount, dropoff_instructions, ready_in, time_delivered, estimated_deliverytime, restaurant_name, driver) VALUES ('0063335980', '5975.04', '97', 'odio condimentum id luctus nec molestie sed justo pellentesque viverra pede ac diam cras pellentesque volutpat dui maecenas tristique est et', '74', '16:55', '22:14', 'Oyoba', '2127503694');
INSERT INTO Orders (orderid, total_amount, items_amount, dropoff_instructions, ready_in, time_delivered, estimated_deliverytime, restaurant_name, driver) VALUES ('2158697083', '8071.55', '69', 'nascetur ridiculus mus vivamus vestibulum sagittis sapien cum sociis natoque penatibus et magnis dis parturient montes nascetur ridiculus mus etiam vel augue vestibulum rutrum rutrum neque', '96', '1:38', '0:25', 'Talane', '2038198586');
INSERT INTO Orders (orderid, total_amount, items_amount, dropoff_instructions, ready_in, time_delivered, estimated_deliverytime, restaurant_name, driver) VALUES ('2524779971', '3730.06', '16', 'in blandit ultrices enim lorem ipsum dolor sit amet consectetuer adipiscing elit proin interdum', '15', '21:59', '4:47', 'Eazzy', '4579562283');
INSERT INTO Orders (orderid, total_amount, items_amount, dropoff_instructions, ready_in, time_delivered, estimated_deliverytime, restaurant_name, driver) VALUES ('9062575803', '4622.60', '64', 'velit donec diam neque vestibulum eget vulputate ut ultrices vel augue vestibulum ante ipsum primis in faucibus orci luctus et ultrices posuere cubilia curae donec pharetra', '40', '1:41', '8:59', 'Yodel', '2010818059');
INSERT INTO Orders (orderid, total_amount, items_amount, dropoff_instructions, ready_in, time_delivered, estimated_deliverytime, restaurant_name, driver) VALUES ('6088181044', '7401.74', '17', 'nisl duis ac nibh fusce lacus purus aliquet at feugiat non pretium quis lectus suspendisse potenti in eleifend quam a odio in', '90', '23:41', '5:19', 'Jayo', '8061917998');
INSERT INTO Orders (orderid, total_amount, items_amount, dropoff_instructions, ready_in, time_delivered, estimated_deliverytime, restaurant_name, driver) VALUES ('9468757714', '5156.97', '50', 'eu est congue elementum in hac habitasse platea dictumst morbi', '24', '6:17', '23:42', 'Dabjam', '7219066430');
INSERT INTO Orders (orderid, total_amount, items_amount, dropoff_instructions, ready_in, time_delivered, estimated_deliverytime, restaurant_name, driver) VALUES ('0658237454', '8691.54', '29', 'semper est quam pharetra magna ac consequat metus sapien ut nunc vestibulum ante ipsum primis in', '30', '16:33', '11:53', 'Einti', '8731657028');
INSERT INTO Orders (orderid, total_amount, items_amount, dropoff_instructions, ready_in, time_delivered, estimated_deliverytime, restaurant_name, driver) VALUES ('7386561008', '8128.56', '92', 'urna ut tellus nulla ut erat id mauris vulputate elementum nullam varius nulla facilisi cras non velit nec nisi vulputate nonummy maecenas tincidunt lacus at velit vivamus', '65', '15:05', '15:00', 'Roombo', '1173963138');
INSERT INTO Orders (orderid, total_amount, items_amount, dropoff_instructions, ready_in, time_delivered, estimated_deliverytime, restaurant_name, driver) VALUES ('7451342883', '5441.79', '44', 'at dolor quis odio consequat varius integer ac leo pellentesque ultrices mattis odio donec vitae nisi nam ultrices libero non mattis pulvinar nulla pede', '73', '4:06', '17:24', 'Innojam', '3172152057');
INSERT INTO Orders (orderid, total_amount, items_amount, dropoff_instructions, ready_in, time_delivered, estimated_deliverytime, restaurant_name, driver) VALUES ('3737344426', '3197.04', '46', 'pellentesque eget nunc donec quis orci eget orci vehicula condimentum curabitur in libero ut massa volutpat convallis morbi odio odio elementum eu interdum eu tincidunt in leo', '29', '12:23', '2:14', 'Twimm', '9112663603');
INSERT INTO Orders (orderid, total_amount, items_amount, dropoff_instructions, ready_in, time_delivered, estimated_deliverytime, restaurant_name, driver) VALUES ('2850305235', '1069.32', '58', 'odio in hac habitasse platea dictumst maecenas ut massa quis augue luctus tincidunt nulla', '20', '15:17', '11:37', 'Devcast', '6781993496');
INSERT INTO Orders (orderid, total_amount, items_amount, dropoff_instructions, ready_in, time_delivered, estimated_deliverytime, restaurant_name, driver) VALUES ('2582620181', '4791.42', '100', 'velit vivamus vel nulla eget eros elementum pellentesque quisque porta volutpat erat quisque erat eros viverra eget congue eget semper rutrum nulla', '4', '9:50', '4:04', 'Yakijo', '4542332152');
INSERT INTO Orders (orderid, total_amount, items_amount, dropoff_instructions, ready_in, time_delivered, estimated_deliverytime, restaurant_name, driver) VALUES ('0323077293', '6702.28', '71', 'justo nec condimentum neque sapien placerat ante nulla justo aliquam quis turpis eget elit sodales scelerisque mauris', '98', '21:46', '22:09', 'Oloo', '2038198586');
INSERT INTO Orders (orderid, total_amount, items_amount, dropoff_instructions, ready_in, time_delivered, estimated_deliverytime, restaurant_name, driver) VALUES ('0717739554', '9117.95', '31', 'in imperdiet et commodo vulputate justo in blandit ultrices enim lorem ipsum dolor sit amet consectetuer adipiscing elit proin interdum mauris non ligula', '15', '13:48', '9:25', 'Bubblemix', '5968889039');
INSERT INTO Orders (orderid, total_amount, items_amount, dropoff_instructions, ready_in, time_delivered, estimated_deliverytime, restaurant_name, driver) VALUES ('2632317959', '4834.49', '84', 'lacinia eget tincidunt eget tempus vel pede morbi porttitor lorem id ligula suspendisse ornare', '57', '0:45', '19:15', 'Twimbo', '3320597671');
INSERT INTO Orders (orderid, total_amount, items_amount, dropoff_instructions, ready_in, time_delivered, estimated_deliverytime, restaurant_name, driver) VALUES ('7112496721', '858.15', '5', 'ut at dolor quis odio consequat varius integer ac leo pellentesque ultrices mattis odio donec vitae nisi', '90', '13:46', '18:46', 'Dabfeed', '0502202734');
INSERT INTO Orders (orderid, total_amount, items_amount, dropoff_instructions, ready_in, time_delivered, estimated_deliverytime, restaurant_name, driver) VALUES ('6031566621', '4638.02', '39', 'ullamcorper augue a suscipit nulla elit ac nulla sed vel enim sit amet nunc viverra dapibus nulla suscipit', '58', '0:44', '22:21', 'Livepath', '8061917998');
INSERT INTO Orders (orderid, total_amount, items_amount, dropoff_instructions, ready_in, time_delivered, estimated_deliverytime, restaurant_name, driver) VALUES ('9963042929', '6266.51', '96', 'posuere cubilia curae mauris viverra diam vitae quam suspendisse potenti nullam porttitor lacus at turpis donec posuere', '74', '11:03', '17:47', 'Zoombox', '9744007443');
INSERT INTO Orders (orderid, total_amount, items_amount, dropoff_instructions, ready_in, time_delivered, estimated_deliverytime, restaurant_name, driver) VALUES ('8839168788', '663.53', '32', 'lacinia nisi venenatis tristique fusce congue diam id ornare imperdiet sapien urna', '51', '17:11', '19:29', 'Edgeify', '6830980119');
INSERT INTO Orders (orderid, total_amount, items_amount, dropoff_instructions, ready_in, time_delivered, estimated_deliverytime, restaurant_name, driver) VALUES ('0477806090', '1735.32', '68', 'iaculis justo in hac habitasse platea dictumst etiam faucibus cursus urna ut tellus nulla ut erat id mauris vulputate elementum nullam varius nulla facilisi cras non', '2', '16:41', '6:59', 'Chatterbridge', '9673466939');
INSERT INTO Orders (orderid, total_amount, items_amount, dropoff_instructions, ready_in, time_delivered, estimated_deliverytime, restaurant_name, driver) VALUES ('9871230354', '3601.31', '84', 'turpis elementum ligula vehicula consequat morbi a ipsum integer a nibh in quis justo maecenas rhoncus aliquam lacus morbi quis tortor id nulla', '75', '12:33', '19:54', 'Blogspan', '8061917998');
INSERT INTO Orders (orderid, total_amount, items_amount, dropoff_instructions, ready_in, time_delivered, estimated_deliverytime, restaurant_name, driver) VALUES ('0515550019', '2871.22', '90', 'porttitor lacus at turpis donec posuere metus vitae ipsum aliquam non mauris morbi non lectus aliquam sit amet diam in magna bibendum imperdiet', '16', '0:43', '17:53', 'Youtags', '0433983329');
INSERT INTO Orders (orderid, total_amount, items_amount, dropoff_instructions, ready_in, time_delivered, estimated_deliverytime, restaurant_name, driver) VALUES ('9646999573', '5212.92', '61', 'condimentum id luctus nec molestie sed justo pellentesque viverra pede ac diam cras', '42', '9:40', '0:44', 'Wikido', '2358970689');
INSERT INTO Orders (orderid, total_amount, items_amount, dropoff_instructions, ready_in, time_delivered, estimated_deliverytime, restaurant_name, driver) VALUES ('6762671055', '4192.12', '21', 'luctus et ultrices posuere cubilia curae duis faucibus accumsan odio curabitur convallis duis consequat dui nec nisi volutpat eleifend donec', '10', '17:07', '1:55', 'Trilia', '4762960535');
INSERT INTO Orders (orderid, total_amount, items_amount, dropoff_instructions, ready_in, time_delivered, estimated_deliverytime, restaurant_name, driver) VALUES ('6319435631', '9677.79', '91', 'libero nam dui proin leo odio porttitor id consequat in consequat ut nulla sed accumsan felis ut at dolor quis odio consequat varius integer ac', '8', '22:38', '18:34', 'Gigaclub', '0286974134');
INSERT INTO Orders (orderid, total_amount, items_amount, dropoff_instructions, ready_in, time_delivered, estimated_deliverytime, restaurant_name, driver) VALUES ('2892774462', '7122.41', '44', 'quam turpis adipiscing lorem vitae mattis nibh ligula nec sem duis aliquam convallis nunc proin at turpis', '84', '20:15', '9:53', 'Mymm', '5142521528');
INSERT INTO Orders (orderid, total_amount, items_amount, dropoff_instructions, ready_in, time_delivered, estimated_deliverytime, restaurant_name, driver) VALUES ('1593051166', '2017.18', '97', 'vel est donec odio justo sollicitudin ut suscipit a feugiat et eros vestibulum ac est lacinia nisi venenatis tristique fusce congue diam id ornare imperdiet', '73', '0:24', '0:29', 'Trilia', '2127503694');
INSERT INTO Orders (orderid, total_amount, items_amount, dropoff_instructions, ready_in, time_delivered, estimated_deliverytime, restaurant_name, driver) VALUES ('6842666465', '418.12', '95', 'et magnis dis parturient montes nascetur ridiculus mus vivamus vestibulum sagittis sapien cum sociis natoque penatibus et magnis dis parturient montes nascetur ridiculus mus etiam vel augue vestibulum rutrum rutrum', '77', '6:27', '22:31', 'Chatterbridge', '6763571437');
INSERT INTO Orders (orderid, total_amount, items_amount, dropoff_instructions, ready_in, time_delivered, estimated_deliverytime, restaurant_name, driver) VALUES ('4872626885', '5407.08', '7', 'mauris laoreet ut rhoncus aliquet pulvinar sed nisl nunc rhoncus dui vel sem sed sagittis nam congue risus semper porta volutpat quam pede lobortis', '92', '4:50', '18:26', 'Realpoint', '4527062956');
INSERT INTO Orders (orderid, total_amount, items_amount, dropoff_instructions, ready_in, time_delivered, estimated_deliverytime, restaurant_name, driver) VALUES ('4580253620', '7657.30', '6', 'a feugiat et eros vestibulum ac est lacinia nisi venenatis tristique fusce congue diam id ornare imperdiet sapien urna pretium', '82', '19:19', '3:39', 'Photojam', '5374910809');
INSERT INTO Orders (orderid, total_amount, items_amount, dropoff_instructions, ready_in, time_delivered, estimated_deliverytime, restaurant_name, driver) VALUES ('8382103278', '4489.97', '39', 'at velit vivamus vel nulla eget eros elementum pellentesque quisque porta volutpat erat quisque erat eros viverra eget congue eget semper rutrum nulla nunc purus', '20', '7:50', '22:20', 'Dabtype', '4546757069');
INSERT INTO Orders (orderid, total_amount, items_amount, dropoff_instructions, ready_in, time_delivered, estimated_deliverytime, restaurant_name, driver) VALUES ('7059792910', '5960.93', '11', 'suscipit ligula in lacus curabitur at ipsum ac tellus semper interdum mauris ullamcorper purus sit amet', '25', '23:47', '11:07', 'Mymm', '9881623707');
INSERT INTO Orders (orderid, total_amount, items_amount, dropoff_instructions, ready_in, time_delivered, estimated_deliverytime, restaurant_name, driver) VALUES ('6639577437', '1210.52', '59', 'at feugiat non pretium quis lectus suspendisse potenti in eleifend', '68', '3:08', '10:00', 'Voonix', '1576489434');
INSERT INTO Orders (orderid, total_amount, items_amount, dropoff_instructions, ready_in, time_delivered, estimated_deliverytime, restaurant_name, driver) VALUES ('4291419570', '224.00', '48', 'pede justo lacinia eget tincidunt eget tempus vel pede morbi porttitor lorem id ligula suspendisse ornare consequat lectus in est risus auctor sed', '53', '2:46', '11:42', 'Buzzster', '9714476097');
INSERT INTO Orders (orderid, total_amount, items_amount, dropoff_instructions, ready_in, time_delivered, estimated_deliverytime, restaurant_name, driver) VALUES ('5244083503', '5613.39', '91', 'nulla justo aliquam quis turpis eget elit sodales scelerisque mauris sit amet eros suspendisse accumsan tortor quis turpis sed ante vivamus tortor duis mattis egestas metus aenean fermentum', '14', '18:29', '13:14', 'Meembee', '2358970689');
INSERT INTO Orders (orderid, total_amount, items_amount, dropoff_instructions, ready_in, time_delivered, estimated_deliverytime, restaurant_name, driver) VALUES ('0803885261', '6244.20', '59', 'id luctus nec molestie sed justo pellentesque viverra pede ac diam cras pellentesque volutpat dui maecenas tristique est et tempus semper est quam', '69', '7:42', '9:40', 'Eayo', '1071189581');
INSERT INTO Orders (orderid, total_amount, items_amount, dropoff_instructions, ready_in, time_delivered, estimated_deliverytime, restaurant_name, driver) VALUES ('7483697075', '3590.74', '48', 'eget semper rutrum nulla nunc purus phasellus in felis donec semper sapien a libero nam dui proin leo odio porttitor id consequat in consequat ut nulla sed accumsan felis', '64', '19:11', '23:47', 'Riffwire', '1467917087');
INSERT INTO Orders (orderid, total_amount, items_amount, dropoff_instructions, ready_in, time_delivered, estimated_deliverytime, restaurant_name, driver) VALUES ('3200037903', '4223.49', '24', 'ut massa volutpat convallis morbi odio odio elementum eu interdum eu tincidunt in leo maecenas pulvinar lobortis est phasellus sit amet erat', '3', '10:35', '15:07', 'Edgeify', '7038477994');
INSERT INTO Orders (orderid, total_amount, items_amount, dropoff_instructions, ready_in, time_delivered, estimated_deliverytime, restaurant_name, driver) VALUES ('0089595033', '7958.30', '64', 'lacinia nisi venenatis tristique fusce congue diam id ornare imperdiet sapien urna pretium nisl', '1', '17:39', '8:52', 'Meejo', '9836435336');
INSERT INTO Orders (orderid, total_amount, items_amount, dropoff_instructions, ready_in, time_delivered, estimated_deliverytime, restaurant_name, driver) VALUES ('1800679033', '2414.34', '78', 'penatibus et magnis dis parturient montes nascetur ridiculus mus etiam vel augue vestibulum rutrum rutrum neque aenean auctor gravida sem praesent id massa', '22', '9:21', '19:50', 'Eimbee', '7477640121');
INSERT INTO Orders (orderid, total_amount, items_amount, dropoff_instructions, ready_in, time_delivered, estimated_deliverytime, restaurant_name, driver) VALUES ('5864869953', '4901.30', '3', 'sed ante vivamus tortor duis mattis egestas metus aenean fermentum donec ut mauris', '12', '16:33', '20:33', 'Livetube', '7547212077');
INSERT INTO Orders (orderid, total_amount, items_amount, dropoff_instructions, ready_in, time_delivered, estimated_deliverytime, restaurant_name, driver) VALUES ('6932719673', '5226.20', '35', 'in purus eu magna vulputate luctus cum sociis natoque penatibus et magnis dis parturient montes nascetur ridiculus mus vivamus vestibulum sagittis sapien', '5', '12:15', '17:25', 'Skinte', '0277209684');
INSERT INTO Orders (orderid, total_amount, items_amount, dropoff_instructions, ready_in, time_delivered, estimated_deliverytime, restaurant_name, driver) VALUES ('4657624474', '6330.58', '25', 'odio cras mi pede malesuada in imperdiet et commodo vulputate justo in blandit ultrices enim', '21', '12:03', '18:30', 'Oyoloo', '1143562402');
INSERT INTO Orders (orderid, total_amount, items_amount, dropoff_instructions, ready_in, time_delivered, estimated_deliverytime, restaurant_name, driver) VALUES ('4805342641', '109.96', '88', 'aliquam quis turpis eget elit sodales scelerisque mauris sit amet eros suspendisse accumsan tortor quis turpis sed ante vivamus tortor', '90', '5:16', '23:16', 'Zava', '7477640121');
INSERT INTO Orders (orderid, total_amount, items_amount, dropoff_instructions, ready_in, time_delivered, estimated_deliverytime, restaurant_name, driver) VALUES ('4705837851', '5519.91', '35', 'est congue elementum in hac habitasse platea dictumst morbi vestibulum velit id pretium iaculis diam erat fermentum justo nec condimentum neque', '5', '20:01', '6:06', 'Demizz', '2827018748');
INSERT INTO Orders (orderid, total_amount, items_amount, dropoff_instructions, ready_in, time_delivered, estimated_deliverytime, restaurant_name, driver) VALUES ('0126323593', '7825.62', '74', 'orci luctus et ultrices posuere cubilia curae nulla dapibus dolor vel est donec odio justo sollicitudin', '36', '12:43', '10:01', 'Skipstorm', '0071835911');
INSERT INTO Orders (orderid, total_amount, items_amount, dropoff_instructions, ready_in, time_delivered, estimated_deliverytime, restaurant_name, driver) VALUES ('6161676559', '3368.78', '91', 'id justo sit amet sapien dignissim vestibulum vestibulum ante ipsum primis in faucibus orci luctus et ultrices posuere cubilia curae', '85', '6:43', '10:16', 'Kwimbee', '6763571437');
INSERT INTO Orders (orderid, total_amount, items_amount, dropoff_instructions, ready_in, time_delivered, estimated_deliverytime, restaurant_name, driver) VALUES ('8859789389', '3518.71', '59', 'ultrices posuere cubilia curae donec pharetra magna vestibulum aliquet ultrices erat tortor sollicitudin mi sit amet lobortis sapien sapien non mi integer ac neque duis bibendum morbi non', '41', '0:45', '2:12', 'Meevee', '9881623707');
INSERT INTO Orders (orderid, total_amount, items_amount, dropoff_instructions, ready_in, time_delivered, estimated_deliverytime, restaurant_name, driver) VALUES ('5664919868', '6532.33', '60', 'tortor id nulla ultrices aliquet maecenas leo odio condimentum id luctus nec molestie sed justo pellentesque viverra pede ac', '88', '2:37', '21:27', 'Fadeo', '2827018748');
INSERT INTO Orders (orderid, total_amount, items_amount, dropoff_instructions, ready_in, time_delivered, estimated_deliverytime, restaurant_name, driver) VALUES ('4936204501', '5635.30', '12', 'posuere cubilia curae nulla dapibus dolor vel est donec odio justo sollicitudin ut suscipit a feugiat et eros vestibulum ac est lacinia nisi venenatis tristique fusce congue diam', '28', '20:01', '9:46', 'Trudeo', '6781993496');
INSERT INTO Orders (orderid, total_amount, items_amount, dropoff_instructions, ready_in, time_delivered, estimated_deliverytime, restaurant_name, driver) VALUES ('5934614150', '4286.34', '63', 'semper interdum mauris ullamcorper purus sit amet nulla quisque arcu libero rutrum', '11', '1:10', '17:11', 'Abatz', '5590470374');
INSERT INTO Orders (orderid, total_amount, items_amount, dropoff_instructions, ready_in, time_delivered, estimated_deliverytime, restaurant_name, driver) VALUES ('3238082906', '3514.89', '21', 'dapibus augue vel accumsan tellus nisi eu orci mauris lacinia sapien quis libero nullam sit amet turpis', '24', '8:59', '2:14', 'Eabox', '3172152057');
INSERT INTO Orders (orderid, total_amount, items_amount, dropoff_instructions, ready_in, time_delivered, estimated_deliverytime, restaurant_name, driver) VALUES ('6450858435', '3881.04', '12', 'non mauris morbi non lectus aliquam sit amet diam in magna bibendum imperdiet nullam orci pede venenatis non', '100', '3:33', '11:23', 'Oyondu', '0433983329');
INSERT INTO Orders (orderid, total_amount, items_amount, dropoff_instructions, ready_in, time_delivered, estimated_deliverytime, restaurant_name, driver) VALUES ('0065765893', '9180.38', '41', 'mauris laoreet ut rhoncus aliquet pulvinar sed nisl nunc rhoncus dui vel sem sed sagittis nam congue risus semper porta volutpat quam pede lobortis ligula sit', '62', '20:35', '2:17', 'Kwimbee', '9673466939');
INSERT INTO Orders (orderid, total_amount, items_amount, dropoff_instructions, ready_in, time_delivered, estimated_deliverytime, restaurant_name, driver) VALUES ('0344044254', '6649.77', '13', 'at velit vivamus vel nulla eget eros elementum pellentesque quisque porta volutpat erat quisque erat eros viverra eget', '1', '3:13', '7:24', 'Youspan', '3477570758');
INSERT INTO Orders (orderid, total_amount, items_amount, dropoff_instructions, ready_in, time_delivered, estimated_deliverytime, restaurant_name, driver) VALUES ('6692175658', '8197.45', '54', 'sapien arcu sed augue aliquam erat volutpat in congue etiam justo etiam pretium iaculis justo in hac habitasse platea dictumst etiam', '88', '1:51', '11:00', 'Thoughtsphere', '7665348793');
INSERT INTO Orders (orderid, total_amount, items_amount, dropoff_instructions, ready_in, time_delivered, estimated_deliverytime, restaurant_name, driver) VALUES ('8913452952', '2900.33', '36', 'convallis eget eleifend luctus ultricies eu nibh quisque id justo sit amet sapien dignissim vestibulum vestibulum ante ipsum primis in faucibus orci luctus et ultrices posuere cubilia', '58', '8:21', '17:39', 'Midel', '5314987570');
INSERT INTO Orders (orderid, total_amount, items_amount, dropoff_instructions, ready_in, time_delivered, estimated_deliverytime, restaurant_name, driver) VALUES ('0494278609', '1760.33', '10', 'commodo placerat praesent blandit nam nulla integer pede justo lacinia eget tincidunt eget tempus vel pede morbi porttitor lorem id ligula suspendisse ornare consequat lectus in est risus auctor sed', '44', '16:17', '3:57', 'Gigashots', '7279261957');
INSERT INTO Orders (orderid, total_amount, items_amount, dropoff_instructions, ready_in, time_delivered, estimated_deliverytime, restaurant_name, driver) VALUES ('1983122157', '1822.36', '28', 'fermentum justo nec condimentum neque sapien placerat ante nulla justo aliquam quis turpis eget elit sodales scelerisque mauris sit amet eros suspendisse accumsan tortor quis turpis', '99', '12:03', '12:40', 'Jabberbean', '4546757069');
INSERT INTO Orders (orderid, total_amount, items_amount, dropoff_instructions, ready_in, time_delivered, estimated_deliverytime, restaurant_name, driver) VALUES ('2573696669', '1991.71', '5', 'sollicitudin vitae consectetuer eget rutrum at lorem integer tincidunt ante vel ipsum praesent blandit lacinia erat vestibulum sed magna at nunc commodo placerat praesent', '57', '5:36', '15:39', 'Meejo', '7219066430');
INSERT INTO Orders (orderid, total_amount, items_amount, dropoff_instructions, ready_in, time_delivered, estimated_deliverytime, restaurant_name, driver) VALUES ('8389355434', '7898.01', '8', 'scelerisque mauris sit amet eros suspendisse accumsan tortor quis turpis sed ante vivamus tortor duis mattis egestas metus aenean fermentum donec ut mauris eget', '45', '3:39', '8:36', 'Tekfly', '4376131725');
INSERT INTO Orders (orderid, total_amount, items_amount, dropoff_instructions, ready_in, time_delivered, estimated_deliverytime, restaurant_name, driver) VALUES ('3662261758', '2770.99', '15', 'mattis pulvinar nulla pede ullamcorper augue a suscipit nulla elit ac nulla sed vel enim sit amet nunc viverra dapibus nulla suscipit ligula in', '33', '15:45', '6:22', 'Tavu', '2827018748');
INSERT INTO Orders (orderid, total_amount, items_amount, dropoff_instructions, ready_in, time_delivered, estimated_deliverytime, restaurant_name, driver) VALUES ('3299208233', '8191.74', '11', 'platea dictumst etiam faucibus cursus urna ut tellus nulla ut', '83', '6:11', '13:55', 'Meeveo', '2200909683');
INSERT INTO Orders (orderid, total_amount, items_amount, dropoff_instructions, ready_in, time_delivered, estimated_deliverytime, restaurant_name, driver) VALUES ('0334708001', '5168.62', '33', 'pulvinar sed nisl nunc rhoncus dui vel sem sed sagittis nam congue risus semper porta volutpat quam pede lobortis ligula sit amet eleifend pede libero quis orci nullam molestie', '35', '9:15', '17:18', 'Photobug', '9387873870');
INSERT INTO Orders (orderid, total_amount, items_amount, dropoff_instructions, ready_in, time_delivered, estimated_deliverytime, restaurant_name, driver) VALUES ('3008521703', '3841.83', '13', 'sit amet sapien dignissim vestibulum vestibulum ante ipsum primis in faucibus orci luctus et ultrices posuere', '2', '11:18', '21:30', 'Blogtags', '7080679818');
INSERT INTO Orders (orderid, total_amount, items_amount, dropoff_instructions, ready_in, time_delivered, estimated_deliverytime, restaurant_name, driver) VALUES ('2581363487', '8713.48', '80', 'urna ut tellus nulla ut erat id mauris vulputate elementum nullam varius nulla', '47', '1:02', '12:00', 'Fiveclub', '2068332272');
INSERT INTO Orders (orderid, total_amount, items_amount, dropoff_instructions, ready_in, time_delivered, estimated_deliverytime, restaurant_name, driver) VALUES ('2852883813', '9885.49', '24', 'scelerisque mauris sit amet eros suspendisse accumsan tortor quis turpis sed', '6', '0:50', '11:17', 'Rooxo', '0436175649');
INSERT INTO Orders (orderid, total_amount, items_amount, dropoff_instructions, ready_in, time_delivered, estimated_deliverytime, restaurant_name, driver) VALUES ('1488702071', '3535.92', '89', 'viverra diam vitae quam suspendisse potenti nullam porttitor lacus at turpis donec posuere', '70', '3:05', '8:56', 'Meemm', '2358970689');
INSERT INTO Orders (orderid, total_amount, items_amount, dropoff_instructions, ready_in, time_delivered, estimated_deliverytime, restaurant_name, driver) VALUES ('2771193973', '8310.88', '47', 'ante vivamus tortor duis mattis egestas metus aenean fermentum donec ut mauris eget massa tempor convallis nulla neque libero', '6', '19:28', '12:25', 'Eayo', '9070515490');
INSERT INTO Orders (orderid, total_amount, items_amount, dropoff_instructions, ready_in, time_delivered, estimated_deliverytime, restaurant_name, driver) VALUES ('8939252772', '2804.42', '20', 'tincidunt in leo maecenas pulvinar lobortis est phasellus sit amet erat nulla', '54', '2:42', '6:24', 'Mita', '3380420115');
INSERT INTO Orders (orderid, total_amount, items_amount, dropoff_instructions, ready_in, time_delivered, estimated_deliverytime, restaurant_name, driver) VALUES ('6412958576', '4873.28', '3', 'ultrices enim lorem ipsum dolor sit amet consectetuer adipiscing elit proin interdum mauris non ligula pellentesque ultrices phasellus id', '23', '6:01', '19:04', 'Topicstorm', '2200909683');
INSERT INTO Orders (orderid, total_amount, items_amount, dropoff_instructions, ready_in, time_delivered, estimated_deliverytime, restaurant_name, driver) VALUES ('2144609713', '3983.25', '67', 'tempus semper est quam pharetra magna ac consequat metus sapien ut nunc vestibulum ante ipsum primis in faucibus orci luctus et ultrices posuere cubilia curae mauris viverra', '34', '16:29', '0:13', 'Blogtag', '5246243192');
INSERT INTO Orders (orderid, total_amount, items_amount, dropoff_instructions, ready_in, time_delivered, estimated_deliverytime, restaurant_name, driver) VALUES ('1438800746', '728.82', '47', 'ut volutpat sapien arcu sed augue aliquam erat volutpat in congue etiam justo etiam', '3', '18:32', '14:56', 'Blogtags', '5142521528');
INSERT INTO Orders (orderid, total_amount, items_amount, dropoff_instructions, ready_in, time_delivered, estimated_deliverytime, restaurant_name, driver) VALUES ('9650197427', '4530.79', '4', 'ultricies eu nibh quisque id justo sit amet sapien dignissim vestibulum vestibulum ante ipsum primis in faucibus orci luctus', '79', '21:03', '16:23', 'Yakidoo', '9487498095');
INSERT INTO Orders (orderid, total_amount, items_amount, dropoff_instructions, ready_in, time_delivered, estimated_deliverytime, restaurant_name, driver) VALUES ('6607101399', '3273.94', '91', 'nullam porttitor lacus at turpis donec posuere metus vitae ipsum aliquam non mauris morbi non lectus aliquam sit amet diam in magna bibendum imperdiet', '97', '8:20', '15:21', 'Skidoo', '9874646330');
INSERT INTO Orders (orderid, total_amount, items_amount, dropoff_instructions, ready_in, time_delivered, estimated_deliverytime, restaurant_name, driver) VALUES ('2432278852', '279.58', '55', 'faucibus orci luctus et ultrices posuere cubilia curae nulla dapibus dolor vel est donec odio justo sollicitudin ut suscipit a', '7', '6:51', '14:23', 'Realfire', '1173963138');
INSERT INTO Orders (orderid, total_amount, items_amount, dropoff_instructions, ready_in, time_delivered, estimated_deliverytime, restaurant_name, driver) VALUES ('0326735356', '496.54', '73', 'viverra eget congue eget semper rutrum nulla nunc purus phasellus in felis donec semper sapien a', '75', '20:36', '11:37', 'Skippad', '0433983329');
INSERT INTO Orders (orderid, total_amount, items_amount, dropoff_instructions, ready_in, time_delivered, estimated_deliverytime, restaurant_name, driver) VALUES ('9034163377', '5315.98', '25', 'odio curabitur convallis duis consequat dui nec nisi volutpat eleifend donec ut', '54', '13:12', '19:04', 'Yotz', '9914713823');
INSERT INTO Orders (orderid, total_amount, items_amount, dropoff_instructions, ready_in, time_delivered, estimated_deliverytime, restaurant_name, driver) VALUES ('9396148466', '2489.13', '68', 'mauris eget massa tempor convallis nulla neque libero convallis eget', '18', '22:40', '17:27', 'Zoomdog', '3026289256');
INSERT INTO Orders (orderid, total_amount, items_amount, dropoff_instructions, ready_in, time_delivered, estimated_deliverytime, restaurant_name, driver) VALUES ('7830461651', '6937.88', '99', 'in faucibus orci luctus et ultrices posuere cubilia curae nulla dapibus dolor', '83', '23:06', '0:56', 'Skyba', '1467917087');
INSERT INTO Orders (orderid, total_amount, items_amount, dropoff_instructions, ready_in, time_delivered, estimated_deliverytime, restaurant_name, driver) VALUES ('0828816441', '8585.83', '63', 'dui vel nisl duis ac nibh fusce lacus purus aliquet at feugiat non pretium quis lectus suspendisse potenti in eleifend quam a odio in hac habitasse', '78', '15:39', '16:32', 'Miboo', '6392932216');
INSERT INTO Orders (orderid, total_amount, items_amount, dropoff_instructions, ready_in, time_delivered, estimated_deliverytime, restaurant_name, driver) VALUES ('9673813949', '6189.99', '21', 'tincidunt eu felis fusce posuere felis sed lacus morbi sem mauris laoreet ut rhoncus aliquet pulvinar sed nisl nunc rhoncus dui vel', '40', '11:49', '6:03', 'Skippad', '8671163202');
INSERT INTO Orders (orderid, total_amount, items_amount, dropoff_instructions, ready_in, time_delivered, estimated_deliverytime, restaurant_name, driver) VALUES ('8824662498', '9512.61', '60', 'iaculis justo in hac habitasse platea dictumst etiam faucibus cursus urna ut tellus nulla ut erat id mauris vulputate elementum nullam varius nulla facilisi cras non velit nec', '33', '2:29', '16:59', 'Browsecat', '8145766575');
INSERT INTO Orders (orderid, total_amount, items_amount, dropoff_instructions, ready_in, time_delivered, estimated_deliverytime, restaurant_name, driver) VALUES ('2864388561', '2460.81', '30', 'nibh in quis justo maecenas rhoncus aliquam lacus morbi quis', '73', '8:57', '15:58', 'Bubblebox', '4579562283');
INSERT INTO Orders (orderid, total_amount, items_amount, dropoff_instructions, ready_in, time_delivered, estimated_deliverytime, restaurant_name, driver) VALUES ('6456703867', '5082.37', '41', 'eleifend pede libero quis orci nullam molestie nibh in lectus pellentesque', '86', '18:38', '14:54', 'Buzzshare', '1576489434');


INSERT INTO OrderedItem (item_name, orderID) VALUES ('banana', '1800679033');
INSERT INTO OrderedItem (item_name, orderID) VALUES ('raspberry', '9871230354');
INSERT INTO OrderedItem (item_name, orderID) VALUES ('eggs', '9062575803');
INSERT INTO OrderedItem (item_name, orderID) VALUES ('hamburger beef', '2852883813');
INSERT INTO OrderedItem (item_name, orderID) VALUES ('hamburger', '6692175658');
INSERT INTO OrderedItem (item_name, orderID) VALUES ('cheese', '2431569721');
INSERT INTO OrderedItem (item_name, orderID) VALUES ('salsa', '8913452952');
INSERT INTO OrderedItem (item_name, orderID) VALUES ('banana', '8332304091');
INSERT INTO OrderedItem (item_name, orderID) VALUES ('tortilla', '5864869953');
INSERT INTO OrderedItem (item_name, orderID) VALUES ('salsa', '6842666465');
INSERT INTO OrderedItem (item_name, orderID) VALUES ('cheese', '6607101399');
INSERT INTO OrderedItem (item_name, orderID) VALUES ('onions', '8147456204');
INSERT INTO OrderedItem (item_name, orderID) VALUES ('onion', '4936204501');
INSERT INTO OrderedItem (item_name, orderID) VALUES ('strawberry', '9646999573');
INSERT INTO OrderedItem (item_name, orderID) VALUES ('eggs', '6639577437');
INSERT INTO OrderedItem (item_name, orderID) VALUES ('salsa', '0126323593');
INSERT INTO OrderedItem (item_name, orderID) VALUES ('tortilla', '6031566621');
INSERT INTO OrderedItem (item_name, orderID) VALUES ('eggs', '2431569721');


INSERT INTO PaymentMethod (username, cvv, expiration, card_number) VALUES ('snann1l', '382', '2023-02', '1301634840');
INSERT INTO PaymentMethod (username, cvv, expiration, card_number) VALUES ('lvagges1q', '392', '2022-07', '7775075503');
INSERT INTO PaymentMethod (username, cvv, expiration, card_number) VALUES ('ktoping19', '804', '2023-07', '8349636521');
INSERT INTO PaymentMethod (username, cvv, expiration, card_number) VALUES ('abackshells', '451', '2023-03', '7782509963');
INSERT INTO PaymentMethod (username, cvv, expiration, card_number) VALUES ('ndublin1t', '338', '2022-10', '3198126215');
INSERT INTO PaymentMethod (username, cvv, expiration, card_number) VALUES ('gainsbury21', '768', '2022-08', '9885658173');
INSERT INTO PaymentMethod (username, cvv, expiration, card_number) VALUES ('faldis1v', '195', '2023-07', '6676593297');
INSERT INTO PaymentMethod (username, cvv, expiration, card_number) VALUES ('dtidcomb1y', '215', '2022-09', '5410412257');
INSERT INTO PaymentMethod (username, cvv, expiration, card_number) VALUES ('lspeer2', '498', '2023-04', '5249137504');
INSERT INTO PaymentMethod (username, cvv, expiration, card_number) VALUES ('etoneru', '698', '2023-08', '9173369608');
INSERT INTO PaymentMethod (username, cvv, expiration, card_number) VALUES ('hflye2o', '773', '2023-02', '6800970743');
INSERT INTO PaymentMethod (username, cvv, expiration, card_number) VALUES ('jlarcherw', '481', '2022-07', '3103366833');
INSERT INTO PaymentMethod (username, cvv, expiration, card_number) VALUES ('clowless2i', '329', '2022-09', '2198244829');
INSERT INTO PaymentMethod (username, cvv, expiration, card_number) VALUES ('dschimank25', '314', '2022-11', '0337258988');
INSERT INTO PaymentMethod (username, cvv, expiration, card_number) VALUES ('jvintenv', '653', '2022-04', '6412864202');
INSERT INTO PaymentMethod (username, cvv, expiration, card_number) VALUES ('ladriaens12', '243', '2023-06', '8108677394');
INSERT INTO PaymentMethod (username, cvv, expiration, card_number) VALUES ('atumielli28', '349', '2022-05', '5930121540');
INSERT INTO PaymentMethod (username, cvv, expiration, card_number) VALUES ('epittman1z', '642', '2022-07', '1427395969');
INSERT INTO PaymentMethod (username, cvv, expiration, card_number) VALUES ('fmurrhardtf', '726', '2022-11', '5009541203');
INSERT INTO PaymentMethod (username, cvv, expiration, card_number) VALUES ('cvickermant', '192', '2022-07', '3122200937');
INSERT INTO PaymentMethod (username, cvv, expiration, card_number) VALUES ('bitschakov1u', '436', '2022-07', '7019150497');
INSERT INTO PaymentMethod (username, cvv, expiration, card_number) VALUES ('gswain1', '925', '2023-04', '3792889951');
INSERT INTO PaymentMethod (username, cvv, expiration, card_number) VALUES ('snann1l', '353', '2022-10', '7959788340');
INSERT INTO PaymentMethod (username, cvv, expiration, card_number) VALUES ('gsego1w', '967', '2022-08', '5906143513');
INSERT INTO PaymentMethod (username, cvv, expiration, card_number) VALUES ('atumielli28', '618', '2022-12', '7032984193');
INSERT INTO PaymentMethod (username, cvv, expiration, card_number) VALUES ('bgymblettl', '993', '2023-02', '3650090066');
INSERT INTO PaymentMethod (username, cvv, expiration, card_number) VALUES ('kgromleya', '457', '2023-05', '7689641121');
INSERT INTO PaymentMethod (username, cvv, expiration, card_number) VALUES ('irubinovitsch2j', '934', '2023-07', '4175501479');
INSERT INTO PaymentMethod (username, cvv, expiration, card_number) VALUES ('bmachinj', '762', '2023-04', '3982407990');
INSERT INTO PaymentMethod (username, cvv, expiration, card_number) VALUES ('mcorain27', '848', '2023-07', '8058907200');
INSERT INTO PaymentMethod (username, cvv, expiration, card_number) VALUES ('gsego1w', '899', '2022-11', '2095276825');
INSERT INTO PaymentMethod (username, cvv, expiration, card_number) VALUES ('ocretney2c', '631', '2023-05', '2559402025');
INSERT INTO PaymentMethod (username, cvv, expiration, card_number) VALUES ('gneill16', '943', '2022-06', '3823612670');
INSERT INTO PaymentMethod (username, cvv, expiration, card_number) VALUES ('nluckett2q', '815', '2023-06', '2162737477');
INSERT INTO PaymentMethod (username, cvv, expiration, card_number) VALUES ('cconmany', '645', '2022-11', '6013133158');
INSERT INTO PaymentMethod (username, cvv, expiration, card_number) VALUES ('bitschakov1u', '359', '2022-09', '5003879083');
INSERT INTO PaymentMethod (username, cvv, expiration, card_number) VALUES ('rgosbyc', '424', '2023-04', '5501891794');
INSERT INTO PaymentMethod (username, cvv, expiration, card_number) VALUES ('cvickermant', '215', '2023-05', '3536966896');
INSERT INTO PaymentMethod (username, cvv, expiration, card_number) VALUES ('adoodney14', '566', '2023-02', '0410620653');
INSERT INTO PaymentMethod (username, cvv, expiration, card_number) VALUES ('wyakobovicz11', '519', '2022-07', '6769422263');
INSERT INTO PaymentMethod (username, cvv, expiration, card_number) VALUES ('bgymblettl', '451', '2023-02', '8889090235');
INSERT INTO PaymentMethod (username, cvv, expiration, card_number) VALUES ('abackshells', '150', '2023-07', '8520624774');
INSERT INTO PaymentMethod (username, cvv, expiration, card_number) VALUES ('rfeaveryearg', '948', '2023-03', '9210297946');
INSERT INTO PaymentMethod (username, cvv, expiration, card_number) VALUES ('smcguffogn', '400', '2022-09', '4123531911');
INSERT INTO PaymentMethod (username, cvv, expiration, card_number) VALUES ('snann1l', '744', '2022-11', '5587486362');
INSERT INTO PaymentMethod (username, cvv, expiration, card_number) VALUES ('gohallihane24', '479', '2022-10', '9637872086');
INSERT INTO PaymentMethod (username, cvv, expiration, card_number) VALUES ('wyakobovicz11', '666', '2023-09', '5567041136');
INSERT INTO PaymentMethod (username, cvv, expiration, card_number) VALUES ('rmander22', '620', '2022-11', '6093880990');
INSERT INTO PaymentMethod (username, cvv, expiration, card_number) VALUES ('rhabbes2b', '681', '2022-06', '0438372522');
INSERT INTO PaymentMethod (username, cvv, expiration, card_number) VALUES ('opendlenton2f', '589', '2023-04', '7666453000');
INSERT INTO PaymentMethod (username, cvv, expiration, card_number) VALUES ('atumielli28', '853', '2023-04', '5428409703');
INSERT INTO PaymentMethod (username, cvv, expiration, card_number) VALUES ('rmander22', '131', '2023-08', '5520444781');
INSERT INTO PaymentMethod (username, cvv, expiration, card_number) VALUES ('ktoping19', '859', '2023-08', '5821513162');
INSERT INTO PaymentMethod (username, cvv, expiration, card_number) VALUES ('wyakobovicz11', '835', '2022-09', '6483895151');
INSERT INTO PaymentMethod (username, cvv, expiration, card_number) VALUES ('phriinchenko1r', '643', '2023-07', '0637402006');
INSERT INTO PaymentMethod (username, cvv, expiration, card_number) VALUES ('phanning2m', '225', '2023-01', '5894116163');
INSERT INTO PaymentMethod (username, cvv, expiration, card_number) VALUES ('rmander22', '612', '2022-12', '9784704978');
INSERT INTO PaymentMethod (username, cvv, expiration, card_number) VALUES ('cpartington2k', '471', '2022-11', '8518778891');
INSERT INTO PaymentMethod (username, cvv, expiration, card_number) VALUES ('lvigurs26', '101', '2022-04', '2209755565');
INSERT INTO PaymentMethod (username, cvv, expiration, card_number) VALUES ('kjaniak1m', '897', '2023-04', '1916997090');
INSERT INTO PaymentMethod (username, cvv, expiration, card_number) VALUES ('dhorsley2n', '980', '2022-12', '6916969687');
INSERT INTO PaymentMethod (username, cvv, expiration, card_number) VALUES ('gallowayo', '714', '2023-09', '7438158004');
INSERT INTO PaymentMethod (username, cvv, expiration, card_number) VALUES ('lspeer2', '559', '2023-08', '8907158762');
INSERT INTO PaymentMethod (username, cvv, expiration, card_number) VALUES ('rdelafont2g', '406', '2022-10', '4070582509');
INSERT INTO PaymentMethod (username, cvv, expiration, card_number) VALUES ('lvigurs26', '606', '2022-09', '1328638383');
INSERT INTO PaymentMethod (username, cvv, expiration, card_number) VALUES ('scranefield13', '937', '2022-06', '8684799720');
INSERT INTO PaymentMethod (username, cvv, expiration, card_number) VALUES ('jmallabone29', '297', '2023-01', '8880541099');
INSERT INTO PaymentMethod (username, cvv, expiration, card_number) VALUES ('lvigurs26', '434', '2023-09', '3238721550');
INSERT INTO PaymentMethod (username, cvv, expiration, card_number) VALUES ('ocretney2c', '475', '2023-03', '6151542088');
INSERT INTO PaymentMethod (username, cvv, expiration, card_number) VALUES ('ispensk', '643', '2022-07', '6922849140');
INSERT INTO PaymentMethod (username, cvv, expiration, card_number) VALUES ('delliott0', '585', '2023-06', '1079123636');
INSERT INTO PaymentMethod (username, cvv, expiration, card_number) VALUES ('phriinchenko1r', '696', '2023-07', '2658947550');
INSERT INTO PaymentMethod (username, cvv, expiration, card_number) VALUES ('hmingerp', '289', '2023-01', '0162584849');
INSERT INTO PaymentMethod (username, cvv, expiration, card_number) VALUES ('mfacher2d', '418', '2023-03', '2272479464');
INSERT INTO PaymentMethod (username, cvv, expiration, card_number) VALUES ('abown8', '354', '2022-07', '5967224785');
INSERT INTO PaymentMethod (username, cvv, expiration, card_number) VALUES ('nluckett2q', '722', '2022-06', '5286306381');
INSERT INTO PaymentMethod (username, cvv, expiration, card_number) VALUES ('gneill16', '731', '2023-06', '6165423833');
INSERT INTO PaymentMethod (username, cvv, expiration, card_number) VALUES ('rhabbes2b', '821', '2023-02', '2349960455');
INSERT INTO PaymentMethod (username, cvv, expiration, card_number) VALUES ('scranefield13', '755', '2023-06', '2348322838');
INSERT INTO PaymentMethod (username, cvv, expiration, card_number) VALUES ('cgasking1i', '645', '2022-07', '7497784579');
INSERT INTO PaymentMethod (username, cvv, expiration, card_number) VALUES ('wbeese3', '645', '2023-07', '6634904235');
INSERT INTO PaymentMethod (username, cvv, expiration, card_number) VALUES ('jheine1s', '756', '2023-03', '0573101728');
INSERT INTO PaymentMethod (username, cvv, expiration, card_number) VALUES ('ktoping19', '214', '2022-07', '0691124663');
INSERT INTO PaymentMethod (username, cvv, expiration, card_number) VALUES ('snann1l', '958', '2023-04', '4556786924');
INSERT INTO PaymentMethod (username, cvv, expiration, card_number) VALUES ('gbassindale2a', '500', '2023-05', '8139439037');
INSERT INTO PaymentMethod (username, cvv, expiration, card_number) VALUES ('fablott20', '273', '2023-07', '8401204305');
INSERT INTO PaymentMethod (username, cvv, expiration, card_number) VALUES ('abackshells', '701', '2022-10', '3097211071');
INSERT INTO PaymentMethod (username, cvv, expiration, card_number) VALUES ('irubinovitsch2j', '172', '2022-09', '4995253289');
INSERT INTO PaymentMethod (username, cvv, expiration, card_number) VALUES ('kjaniak1m', '864', '2022-05', '9334479612');
INSERT INTO PaymentMethod (username, cvv, expiration, card_number) VALUES ('ocretney2c', '633', '2023-06', '6762032915');
INSERT INTO PaymentMethod (username, cvv, expiration, card_number) VALUES ('fdongall1f', '437', '2023-09', '0190027533');
INSERT INTO PaymentMethod (username, cvv, expiration, card_number) VALUES ('ktoping19', '784', '2022-09', '9770274895');
INSERT INTO PaymentMethod (username, cvv, expiration, card_number) VALUES ('bgitsham2e', '186', '2022-07', '2908808897');
INSERT INTO PaymentMethod (username, cvv, expiration, card_number) VALUES ('dtidcomb1y', '682', '2023-01', '7684132016');
INSERT INTO PaymentMethod (username, cvv, expiration, card_number) VALUES ('ispensk', '255', '2023-06', '9543469113');
INSERT INTO PaymentMethod (username, cvv, expiration, card_number) VALUES ('bgitsham2e', '355', '2022-10', '4751087355');
INSERT INTO PaymentMethod (username, cvv, expiration, card_number) VALUES ('gbassindale2a', '305', '2023-04', '7279348319');
INSERT INTO PaymentMethod (username, cvv, expiration, card_number) VALUES ('mfacher2d', '322', '2023-04', '7688967872');
INSERT INTO PaymentMethod (username, cvv, expiration, card_number) VALUES ('jmallabone29', '809', '2023-03', '0171466713');
INSERT INTO PaymentMethod (username, cvv, expiration, card_number) VALUES ('phanning2m', '863', '2022-06', '1339933020');

INSERT INTO UserRating (username, restaurant, rating, review) VALUES ('jcolbrun1d', 'Quinu', '4', 'proin at turpis a pede posuere nonummy integer non velit donec diam neque vestibulum eget vulputate ut');
INSERT INTO UserRating (username, restaurant, rating, review) VALUES ('prampage1e', 'Topdrive', '8', 'adipiscing elit proin risus praesent lectus vestibulum quam sapien varius ut blandit non interdum in ante');
INSERT INTO UserRating (username, restaurant, rating, review) VALUES ('gainsbury21', 'Izio', '3', 'malesuada in imperdiet et commodo vulputate justo in blandit ultrices enim lorem ipsum dolor');
INSERT INTO UserRating (username, restaurant, rating, review) VALUES ('rstivaniz', 'Oloo', '2', 'justo eu massa donec dapibus duis at velit eu est congue elementum in hac habitasse platea');
INSERT INTO UserRating (username, restaurant, rating, review) VALUES ('phanning2m', 'Flipopia', '4', 'orci vehicula condimentum curabitur in libero ut massa volutpat convallis');
INSERT INTO UserRating (username, restaurant, rating, review) VALUES ('cpartington2k', 'Gabcube', '8', 'velit id pretium iaculis diam erat fermentum justo nec condimentum neque sapien placerat ante nulla justo aliquam');
INSERT INTO UserRating (username, restaurant, rating, review) VALUES ('gallowayo', 'Topicblab', '1', 'odio elementum eu interdum eu tincidunt in leo maecenas pulvinar lobortis est phasellus sit amet');
INSERT INTO UserRating (username, restaurant, rating, review) VALUES ('ldinningtonh', 'Browsebug', '2', 'mollis molestie lorem quisque ut erat curabitur gravida nisi at nibh in hac habitasse platea');
INSERT INTO UserRating (username, restaurant, rating, review) VALUES ('smcguffogn', 'Innotype', '7', 'ipsum primis in faucibus orci luctus et ultrices posuere cubilia curae nulla dapibus dolor vel est donec odio justo');
INSERT INTO UserRating (username, restaurant, rating, review) VALUES ('gbassindale2a', 'Lazzy', '1', 'dapibus duis at velit eu est congue elementum in hac habitasse platea dictumst morbi vestibulum velit id');
INSERT INTO UserRating (username, restaurant, rating, review) VALUES ('rstivaniz', 'Mudo', '5', 'ornare consequat lectus in est risus auctor sed tristique in tempus sit amet sem fusce');
INSERT INTO UserRating (username, restaurant, rating, review) VALUES ('cvickermant', 'Livetube', '10', 'eros vestibulum ac est lacinia nisi venenatis tristique fusce congue diam id ornare imperdiet sapien urna pretium nisl');
INSERT INTO UserRating (username, restaurant, rating, review) VALUES ('gneill16', 'Nlounge', '6', 'consequat varius integer ac leo pellentesque ultrices mattis odio donec vitae nisi nam ultrices');
INSERT INTO UserRating (username, restaurant, rating, review) VALUES ('mcumbes23', 'Divavu', '9', 'libero non mattis pulvinar nulla pede ullamcorper augue a suscipit');
INSERT INTO UserRating (username, restaurant, rating, review) VALUES ('phanning2m', 'Fadeo', '6', 'lacinia eget tincidunt eget tempus vel pede morbi porttitor lorem id ligula suspendisse ornare consequat');
INSERT INTO UserRating (username, restaurant, rating, review) VALUES ('delliott0', 'Tazz', '5', 'aliquam convallis nunc proin at turpis a pede posuere nonummy integer non velit donec diam neque vestibulum eget vulputate');
INSERT INTO UserRating (username, restaurant, rating, review) VALUES ('wbeese3', 'Shufflebeat', '4', 'interdum mauris ullamcorper purus sit amet nulla quisque arcu libero');
INSERT INTO UserRating (username, restaurant, rating, review) VALUES ('hflye2o', 'Flipopia', '7', 'suscipit a feugiat et eros vestibulum ac est lacinia nisi venenatis tristique fusce congue');
INSERT INTO UserRating (username, restaurant, rating, review) VALUES ('cconmany', 'Mydeo', '4', 'ipsum primis in faucibus orci luctus et ultrices posuere cubilia curae nulla dapibus dolor');
INSERT INTO UserRating (username, restaurant, rating, review) VALUES ('jcolbrun1d', 'Trilia', '9', 'elementum in hac habitasse platea dictumst morbi vestibulum velit id pretium iaculis diam');
INSERT INTO UserRating (username, restaurant, rating, review) VALUES ('faldis1v', 'Quinu', '7', 'sem sed sagittis nam congue risus semper porta volutpat quam pede lobortis ligula sit amet eleifend');
INSERT INTO UserRating (username, restaurant, rating, review) VALUES ('cpartington2k', 'Thoughtbridge', '4', 'orci luctus et ultrices posuere cubilia curae duis faucibus accumsan');
INSERT INTO UserRating (username, restaurant, rating, review) VALUES ('srain1p', 'Zooxo', '9', 'pretium iaculis diam erat fermentum justo nec condimentum neque sapien placerat');
INSERT INTO UserRating (username, restaurant, rating, review) VALUES ('bgymblettl', 'Eazzy', '3', 'at nibh in hac habitasse platea dictumst aliquam augue quam sollicitudin vitae consectetuer');
INSERT INTO UserRating (username, restaurant, rating, review) VALUES ('tastie18', 'Mydo', '8', 'lorem quisque ut erat curabitur gravida nisi at nibh in hac habitasse platea');
INSERT INTO UserRating (username, restaurant, rating, review) VALUES ('rgosbyc', 'Livetube', '10', 'amet turpis elementum ligula vehicula consequat morbi a ipsum integer a nibh in quis justo maecenas rhoncus');
INSERT INTO UserRating (username, restaurant, rating, review) VALUES ('epittman1z', 'Realbridge', '4', 'lobortis ligula sit amet eleifend pede libero quis orci nullam molestie nibh in lectus pellentesque at nulla suspendisse potenti');
INSERT INTO UserRating (username, restaurant, rating, review) VALUES ('bgitsham2e', 'Livetube', '8', 'justo maecenas rhoncus aliquam lacus morbi quis tortor id nulla');
INSERT INTO UserRating (username, restaurant, rating, review) VALUES ('rdelafont2g', 'Riffpedia', '7', 'sapien ut nunc vestibulum ante ipsum primis in faucibus orci');
INSERT INTO UserRating (username, restaurant, rating, review) VALUES ('abown8', 'Shuffledrive', '7', 'molestie nibh in lectus pellentesque at nulla suspendisse potenti cras in purus eu magna vulputate luctus cum sociis natoque penatibus');
INSERT INTO UserRating (username, restaurant, rating, review) VALUES ('etoneru', 'Livetube', '7', 'eu interdum eu tincidunt in leo maecenas pulvinar lobortis est phasellus');
INSERT INTO UserRating (username, restaurant, rating, review) VALUES ('khynard2h', 'Twitterlist', '6', 'aliquam quis turpis eget elit sodales scelerisque mauris sit amet eros suspendisse accumsan tortor quis turpis sed ante vivamus tortor');
INSERT INTO UserRating (username, restaurant, rating, review) VALUES ('acaroli1g', 'Photolist', '8', 'justo pellentesque viverra pede ac diam cras pellentesque volutpat dui maecenas tristique est et tempus semper est quam pharetra');
INSERT INTO UserRating (username, restaurant, rating, review) VALUES ('delliott0', 'Fadeo', '4', 'ultrices phasellus id sapien in sapien iaculis congue vivamus metus arcu adipiscing molestie hendrerit');
INSERT INTO UserRating (username, restaurant, rating, review) VALUES ('vprahm1j', 'Twimm', '8', 'a nibh in quis justo maecenas rhoncus aliquam lacus morbi quis tortor id nulla ultrices aliquet maecenas leo odio');
INSERT INTO UserRating (username, restaurant, rating, review) VALUES ('gainsbury21', 'Devbug', '2', 'quis odio consequat varius integer ac leo pellentesque ultrices mattis odio donec vitae nisi nam ultrices libero non');
INSERT INTO UserRating (username, restaurant, rating, review) VALUES ('rgosbyc', 'Oyondu', '4', 'maecenas tincidunt lacus at velit vivamus vel nulla eget eros elementum pellentesque quisque porta');
INSERT INTO UserRating (username, restaurant, rating, review) VALUES ('ldinningtonh', 'Jabbersphere', '1', 'quis tortor id nulla ultrices aliquet maecenas leo odio condimentum id luctus nec molestie sed justo pellentesque');
INSERT INTO UserRating (username, restaurant, rating, review) VALUES ('jvintenv', 'Photolist', '2', 'et ultrices posuere cubilia curae mauris viverra diam vitae quam suspendisse potenti nullam porttitor');
INSERT INTO UserRating (username, restaurant, rating, review) VALUES ('rfeaveryearg', 'Oloo', '2', 'placerat praesent blandit nam nulla integer pede justo lacinia eget tincidunt eget tempus vel pede morbi porttitor lorem id');
INSERT INTO UserRating (username, restaurant, rating, review) VALUES ('kmatej1k', 'Quinu', '3', 'orci mauris lacinia sapien quis libero nullam sit amet turpis elementum');
INSERT INTO UserRating (username, restaurant, rating, review) VALUES ('nluckett2q', 'Dynabox', '7', 'lorem id ligula suspendisse ornare consequat lectus in est risus auctor sed tristique in tempus sit');
INSERT INTO UserRating (username, restaurant, rating, review) VALUES ('hflye2o', 'Skibox', '8', 'condimentum id luctus nec molestie sed justo pellentesque viverra pede');
INSERT INTO UserRating (username, restaurant, rating, review) VALUES ('cconmany', 'Edgeclub', '2', 'ipsum aliquam non mauris morbi non lectus aliquam sit amet diam in magna bibendum');
INSERT INTO UserRating (username, restaurant, rating, review) VALUES ('fablott20', 'Shufflebeat', '7', 'metus aenean fermentum donec ut mauris eget massa tempor convallis nulla neque libero convallis eget');
INSERT INTO UserRating (username, restaurant, rating, review) VALUES ('gswain1', 'Quinu', '1', 'phasellus in felis donec semper sapien a libero nam dui proin leo odio porttitor id');
INSERT INTO UserRating (username, restaurant, rating, review) VALUES ('felgram2l', 'Feedfire', '5', 'suscipit ligula in lacus curabitur at ipsum ac tellus semper interdum mauris');
INSERT INTO UserRating (username, restaurant, rating, review) VALUES ('gbassindale2a', 'Jaxbean', '2', 'consequat metus sapien ut nunc vestibulum ante ipsum primis in faucibus orci luctus');
INSERT INTO UserRating (username, restaurant, rating, review) VALUES ('irubinovitsch2j', 'Skiba', '9', 'at ipsum ac tellus semper interdum mauris ullamcorper purus sit amet nulla quisque arcu libero rutrum ac lobortis vel dapibus');
INSERT INTO UserRating (username, restaurant, rating, review) VALUES ('rgosbyc', 'Jabbersphere', '7', 'neque vestibulum eget vulputate ut ultrices vel augue vestibulum ante');
INSERT INTO UserRating (username, restaurant, rating, review) VALUES ('lvagges1q', 'Devbug', '3', 'maecenas pulvinar lobortis est phasellus sit amet erat nulla tempus vivamus in felis eu sapien cursus vestibulum proin eu mi');
INSERT INTO UserRating (username, restaurant, rating, review) VALUES ('cvickermant', 'Fliptune', '8', 'faucibus orci luctus et ultrices posuere cubilia curae donec pharetra magna vestibulum aliquet ultrices erat tortor');
INSERT INTO UserRating (username, restaurant, rating, review) VALUES ('bmachinj', 'Roombo', '8', 'in quis justo maecenas rhoncus aliquam lacus morbi quis tortor id nulla ultrices aliquet maecenas leo odio condimentum');
INSERT INTO UserRating (username, restaurant, rating, review) VALUES ('ndublin1t', 'Meedoo', '1', 'interdum in ante vestibulum ante ipsum primis in faucibus orci luctus et ultrices posuere cubilia curae duis');
INSERT INTO UserRating (username, restaurant, rating, review) VALUES ('rfeaveryearg', 'Thoughtworks', '9', 'aliquet pulvinar sed nisl nunc rhoncus dui vel sem sed sagittis nam congue');
INSERT INTO UserRating (username, restaurant, rating, review) VALUES ('abown8', 'Mycat', '1', 'eu massa donec dapibus duis at velit eu est congue elementum in hac');
INSERT INTO UserRating (username, restaurant, rating, review) VALUES ('lvigurs26', 'Feedfire', '10', 'volutpat erat quisque erat eros viverra eget congue eget semper rutrum nulla nunc purus');
INSERT INTO UserRating (username, restaurant, rating, review) VALUES ('kgromleya', 'Divavu', '3', 'amet nunc viverra dapibus nulla suscipit ligula in lacus curabitur at ipsum ac tellus semper interdum mauris');
INSERT INTO UserRating (username, restaurant, rating, review) VALUES ('rstivaniz', 'Thoughtbridge', '3', 'dictumst morbi vestibulum velit id pretium iaculis diam erat fermentum justo nec condimentum neque sapien placerat ante nulla justo');
INSERT INTO UserRating (username, restaurant, rating, review) VALUES ('mpflieger1x', 'Roodel', '5', 'porta volutpat quam pede lobortis ligula sit amet eleifend pede libero quis orci');
INSERT INTO UserRating (username, restaurant, rating, review) VALUES ('fdongall1f', 'Twitterlist', '2', 'quisque ut erat curabitur gravida nisi at nibh in hac habitasse platea dictumst aliquam augue quam');
INSERT INTO UserRating (username, restaurant, rating, review) VALUES ('fbrickell5', 'Avavee', '7', 'neque duis bibendum morbi non quam nec dui luctus rutrum nulla tellus');
INSERT INTO UserRating (username, restaurant, rating, review) VALUES ('kmatej1k', 'Gabcube', '9', 'integer tincidunt ante vel ipsum praesent blandit lacinia erat vestibulum sed');
INSERT INTO UserRating (username, restaurant, rating, review) VALUES ('cfynan1n', 'Chatterpoint', '2', 'duis consequat dui nec nisi volutpat eleifend donec ut dolor morbi');
INSERT INTO UserRating (username, restaurant, rating, review) VALUES ('phriinchenko1r', 'Nlounge', '9', 'sapien cum sociis natoque penatibus et magnis dis parturient montes nascetur ridiculus mus etiam vel');
INSERT INTO UserRating (username, restaurant, rating, review) VALUES ('wyakobovicz11', 'Edgeclub', '9', 'amet cursus id turpis integer aliquet massa id lobortis convallis tortor risus');
INSERT INTO UserRating (username, restaurant, rating, review) VALUES ('gallowayo', 'Meembee', '7', 'aliquet maecenas leo odio condimentum id luctus nec molestie sed justo pellentesque viverra pede ac diam cras');
INSERT INTO UserRating (username, restaurant, rating, review) VALUES ('cconmany', 'Shufflebeat', '10', 'tellus in sagittis dui vel nisl duis ac nibh fusce lacus purus aliquet at feugiat non pretium');
INSERT INTO UserRating (username, restaurant, rating, review) VALUES ('nluckett2q', 'Innotype', '8', 'vestibulum sed magna at nunc commodo placerat praesent blandit nam nulla integer pede');
INSERT INTO UserRating (username, restaurant, rating, review) VALUES ('aslym1o', 'Mydeo', '4', 'ligula suspendisse ornare consequat lectus in est risus auctor sed tristique in tempus sit');
INSERT INTO UserRating (username, restaurant, rating, review) VALUES ('abown8', 'Devbug', '6', 'at ipsum ac tellus semper interdum mauris ullamcorper purus sit amet nulla');
INSERT INTO UserRating (username, restaurant, rating, review) VALUES ('jvintenv', 'Topdrive', '8', 'posuere nonummy integer non velit donec diam neque vestibulum eget vulputate ut ultrices vel augue');
INSERT INTO UserRating (username, restaurant, rating, review) VALUES ('abackshells', 'Twimm', '6', 'in faucibus orci luctus et ultrices posuere cubilia curae donec pharetra magna');
INSERT INTO UserRating (username, restaurant, rating, review) VALUES ('bmachinj', 'Roodel', '2', 'a libero nam dui proin leo odio porttitor id consequat in consequat ut');
INSERT INTO UserRating (username, restaurant, rating, review) VALUES ('kgromleya', 'Rhybox', '1', 'morbi porttitor lorem id ligula suspendisse ornare consequat lectus in');
INSERT INTO UserRating (username, restaurant, rating, review) VALUES ('smattamx', 'Skibox', '6', 'mollis molestie lorem quisque ut erat curabitur gravida nisi at nibh in hac');
INSERT INTO UserRating (username, restaurant, rating, review) VALUES ('rstivaniz', 'Flashpoint', '6', 'vulputate luctus cum sociis natoque penatibus et magnis dis parturient montes nascetur ridiculus mus vivamus vestibulum sagittis sapien cum sociis');
INSERT INTO UserRating (username, restaurant, rating, review) VALUES ('jlightollers6', 'Oyonder', '10', 'et magnis dis parturient montes nascetur ridiculus mus vivamus vestibulum sagittis sapien cum sociis natoque');
INSERT INTO UserRating (username, restaurant, rating, review) VALUES ('mpflieger1x', 'Buzzshare', '1', 'posuere nonummy integer non velit donec diam neque vestibulum eget vulputate ut ultrices vel augue vestibulum ante ipsum primis in');
INSERT INTO UserRating (username, restaurant, rating, review) VALUES ('lvagges1q', 'Miboo', '4', 'metus sapien ut nunc vestibulum ante ipsum primis in faucibus orci luctus et');
INSERT INTO UserRating (username, restaurant, rating, review) VALUES ('cpartington2k', 'Npath', '6', 'amet diam in magna bibendum imperdiet nullam orci pede venenatis');
INSERT INTO UserRating (username, restaurant, rating, review) VALUES ('felgram2l', 'Eazzy', '9', 'consequat metus sapien ut nunc vestibulum ante ipsum primis in faucibus');
INSERT INTO UserRating (username, restaurant, rating, review) VALUES ('aslym1o', 'Meedoo', '9', 'at turpis donec posuere metus vitae ipsum aliquam non mauris morbi non lectus aliquam sit amet');
INSERT INTO UserRating (username, restaurant, rating, review) VALUES ('manwell2p', 'Livetube', '6', 'diam erat fermentum justo nec condimentum neque sapien placerat ante nulla justo aliquam');
INSERT INTO UserRating (username, restaurant, rating, review) VALUES ('srain1p', 'Meembee', '7', 'sapien sapien non mi integer ac neque duis bibendum morbi non quam nec dui luctus rutrum');
INSERT INTO UserRating (username, restaurant, rating, review) VALUES ('irubinovitsch2j', 'Jabbertype', '3', 'amet consectetuer adipiscing elit proin interdum mauris non ligula pellentesque ultrices phasellus id');
INSERT INTO UserRating (username, restaurant, rating, review) VALUES ('gainsbury21', 'Jabbersphere', '9', 'duis bibendum morbi non quam nec dui luctus rutrum nulla tellus in sagittis dui vel nisl');
INSERT INTO UserRating (username, restaurant, rating, review) VALUES ('phriinchenko1r', 'Dynabox', '2', 'mauris vulputate elementum nullam varius nulla facilisi cras non velit nec nisi');
INSERT INTO UserRating (username, restaurant, rating, review) VALUES ('lspeer2', 'Zava', '5', 'enim blandit mi in porttitor pede justo eu massa donec dapibus duis at velit eu est congue');
INSERT INTO UserRating (username, restaurant, rating, review) VALUES ('rstivaniz', 'Izio', '7', 'interdum in ante vestibulum ante ipsum primis in faucibus orci luctus et ultrices posuere cubilia curae');
INSERT INTO UserRating (username, restaurant, rating, review) VALUES ('cconmany', 'Miboo', '8', 'pellentesque eget nunc donec quis orci eget orci vehicula condimentum curabitur in libero ut');
INSERT INTO UserRating (username, restaurant, rating, review) VALUES ('bmachinj', 'Twimm', '1', 'amet consectetuer adipiscing elit proin risus praesent lectus vestibulum quam sapien varius ut blandit non interdum in ante vestibulum ante');
INSERT INTO UserRating (username, restaurant, rating, review) VALUES ('efreen1c', 'Rhybox', '5', 'lacus morbi quis tortor id nulla ultrices aliquet maecenas leo odio condimentum id luctus nec molestie');

INSERT INTO DriverRating (restaurant, review, driver_id, rating) VALUES ('Feedfire', 'enim in tempor turpis nec euismod scelerisque quam turpis adipiscing lorem vitae mattis', '4411096013', '10');
INSERT INTO DriverRating (restaurant, review, driver_id, rating) VALUES ('Npath', 'nonummy integer non velit donec diam neque vestibulum eget vulputate ut ultrices vel augue vestibulum ante ipsum primis', '5667980878', '4');
INSERT INTO DriverRating (restaurant, review, driver_id, rating) VALUES ('Voomm', 'sed interdum venenatis turpis enim blandit mi in porttitor pede justo eu massa donec dapibus', '2010818059', '2');
INSERT INTO DriverRating (restaurant, review, driver_id, rating) VALUES ('Shufflebeat', 'maecenas ut massa quis augue luctus tincidunt nulla mollis molestie lorem', '1467917087', '10');
INSERT INTO DriverRating (restaurant, review, driver_id, rating) VALUES ('Edgeclub', 'in magna bibendum imperdiet nullam orci pede venenatis non sodales sed tincidunt eu', '8169683211', '5');
INSERT INTO DriverRating (restaurant, review, driver_id, rating) VALUES ('Buzzdog', 'amet cursus id turpis integer aliquet massa id lobortis convallis tortor risus dapibus augue vel accumsan tellus nisi eu', '9874646330', '3');
INSERT INTO DriverRating (restaurant, review, driver_id, rating) VALUES ('Shufflebeat', 'quam sollicitudin vitae consectetuer eget rutrum at lorem integer tincidunt ante', '5426647046', '5');
INSERT INTO DriverRating (restaurant, review, driver_id, rating) VALUES ('Photobug', 'luctus et ultrices posuere cubilia curae duis faucibus accumsan odio curabitur convallis duis consequat dui nec nisi volutpat', '0436175649', '3');
INSERT INTO DriverRating (restaurant, review, driver_id, rating) VALUES ('Eazzy', 'orci eget orci vehicula condimentum curabitur in libero ut massa volutpat convallis morbi', '4284955527', '2');
INSERT INTO DriverRating (restaurant, review, driver_id, rating) VALUES ('Fliptune', 'porta volutpat quam pede lobortis ligula sit amet eleifend pede', '3491052882', '7');
INSERT INTO DriverRating (restaurant, review, driver_id, rating) VALUES ('Browsebug', 'lectus aliquam sit amet diam in magna bibendum imperdiet nullam orci pede venenatis non sodales sed tincidunt', '0502202734', '2');
INSERT INTO DriverRating (restaurant, review, driver_id, rating) VALUES ('Skiba', 'phasellus in felis donec semper sapien a libero nam dui proin leo odio porttitor id consequat in', '1143562402', '9');
INSERT INTO DriverRating (restaurant, review, driver_id, rating) VALUES ('Lazzy', 'amet consectetuer adipiscing elit proin risus praesent lectus vestibulum quam sapien varius ut blandit non interdum in ante vestibulum', '2068332272', '6');
INSERT INTO DriverRating (restaurant, review, driver_id, rating) VALUES ('Livetube', 'vitae consectetuer eget rutrum at lorem integer tincidunt ante vel ipsum praesent blandit lacinia erat vestibulum sed magna at nunc', '9070515490', '1');
INSERT INTO DriverRating (restaurant, review, driver_id, rating) VALUES ('Realbuzz', 'donec posuere metus vitae ipsum aliquam non mauris morbi non lectus aliquam sit amet diam in magna bibendum imperdiet nullam', '4579562283', '3');
INSERT INTO DriverRating (restaurant, review, driver_id, rating) VALUES ('Oloo', 'nascetur ridiculus mus etiam vel augue vestibulum rutrum rutrum neque aenean', '6763571437', '10');
INSERT INTO DriverRating (restaurant, review, driver_id, rating) VALUES ('Zooxo', 'suspendisse potenti nullam porttitor lacus at turpis donec posuere metus vitae ipsum aliquam non mauris', '1071189581', '5');
INSERT INTO DriverRating (restaurant, review, driver_id, rating) VALUES ('Chatterpoint', 'in hac habitasse platea dictumst etiam faucibus cursus urna ut tellus', '1173963138', '8');
INSERT INTO DriverRating (restaurant, review, driver_id, rating) VALUES ('Trilith', 'egestas metus aenean fermentum donec ut mauris eget massa tempor convallis nulla neque libero convallis', '4542332152', '3');
INSERT INTO DriverRating (restaurant, review, driver_id, rating) VALUES ('Camimbo', 'ut erat curabitur gravida nisi at nibh in hac habitasse platea dictumst aliquam augue quam sollicitudin vitae consectetuer', '5960751941', '7');
INSERT INTO DriverRating (restaurant, review, driver_id, rating) VALUES ('Skiba', 'velit nec nisi vulputate nonummy maecenas tincidunt lacus at velit vivamus vel nulla eget eros', '2052078304', '4');
INSERT INTO DriverRating (restaurant, review, driver_id, rating) VALUES ('Oyonder', 'turpis adipiscing lorem vitae mattis nibh ligula nec sem duis aliquam convallis nunc proin at turpis a pede posuere nonummy', '9914713823', '3');
INSERT INTO DriverRating (restaurant, review, driver_id, rating) VALUES ('Fadeo', 'rutrum nulla tellus in sagittis dui vel nisl duis ac nibh fusce', '7477640121', '6');
INSERT INTO DriverRating (restaurant, review, driver_id, rating) VALUES ('Midel', 'eget nunc donec quis orci eget orci vehicula condimentum curabitur in libero', '0781699355', '9');
INSERT INTO DriverRating (restaurant, review, driver_id, rating) VALUES ('Izio', 'pretium iaculis diam erat fermentum justo nec condimentum neque sapien placerat ante', '4762960535', '10');
INSERT INTO DriverRating (restaurant, review, driver_id, rating) VALUES ('Buzzshare', 'ipsum integer a nibh in quis justo maecenas rhoncus aliquam lacus morbi quis', '0006289908', '2');
INSERT INTO DriverRating (restaurant, review, driver_id, rating) VALUES ('Yodoo', 'aliquet pulvinar sed nisl nunc rhoncus dui vel sem sed sagittis nam congue risus semper porta volutpat quam', '6266705664', '10');
INSERT INTO DriverRating (restaurant, review, driver_id, rating) VALUES ('Topiclounge', 'pede libero quis orci nullam molestie nibh in lectus pellentesque at nulla suspendisse potenti cras', '7558520231', '4');
INSERT INTO DriverRating (restaurant, review, driver_id, rating) VALUES ('Omba', 'nonummy maecenas tincidunt lacus at velit vivamus vel nulla eget eros elementum pellentesque quisque porta volutpat erat quisque erat eros', '8145766575', '9');
INSERT INTO DriverRating (restaurant, review, driver_id, rating) VALUES ('Avavee', 'lectus in quam fringilla rhoncus mauris enim leo rhoncus sed vestibulum sit amet cursus id turpis integer aliquet', '3380420115', '4');
INSERT INTO DriverRating (restaurant, review, driver_id, rating) VALUES ('Meembee', 'amet sem fusce consequat nulla nisl nunc nisl duis bibendum felis sed interdum venenatis turpis', '0286974134', '5');
INSERT INTO DriverRating (restaurant, review, driver_id, rating) VALUES ('Quinu', 'sit amet consectetuer adipiscing elit proin interdum mauris non ligula pellentesque ultrices phasellus id sapien', '8240140483', '9');
INSERT INTO DriverRating (restaurant, review, driver_id, rating) VALUES ('Yodoo', 'nec euismod scelerisque quam turpis adipiscing lorem vitae mattis nibh ligula nec sem duis aliquam convallis nunc', '1456956019', '10');
INSERT INTO DriverRating (restaurant, review, driver_id, rating) VALUES ('Layo', 'gravida nisi at nibh in hac habitasse platea dictumst aliquam augue quam sollicitudin vitae consectetuer eget', '8731657028', '10');
INSERT INTO DriverRating (restaurant, review, driver_id, rating) VALUES ('Photolist', 'eget eros elementum pellentesque quisque porta volutpat erat quisque erat eros viverra eget', '7760848366', '8');
INSERT INTO DriverRating (restaurant, review, driver_id, rating) VALUES ('Roombo', 'adipiscing elit proin interdum mauris non ligula pellentesque ultrices phasellus id sapien in sapien iaculis', '9112663603', '4');
INSERT INTO DriverRating (restaurant, review, driver_id, rating) VALUES ('Skibox', 'justo eu massa donec dapibus duis at velit eu est', '2127503694', '10');
INSERT INTO DriverRating (restaurant, review, driver_id, rating) VALUES ('Mudo', 'diam erat fermentum justo nec condimentum neque sapien placerat ante nulla justo aliquam quis turpis eget elit', '8061917998', '9');
INSERT INTO DriverRating (restaurant, review, driver_id, rating) VALUES ('Livetube', 'ultrices mattis odio donec vitae nisi nam ultrices libero non mattis pulvinar nulla', '3454941776', '2');
INSERT INTO DriverRating (restaurant, review, driver_id, rating) VALUES ('Flipopia', 'nisi eu orci mauris lacinia sapien quis libero nullam sit amet turpis elementum ligula', '2038198586', '1');
INSERT INTO DriverRating (restaurant, review, driver_id, rating) VALUES ('Flashset', 'ac est lacinia nisi venenatis tristique fusce congue diam id ornare', '4546757069', '3');
INSERT INTO DriverRating (restaurant, review, driver_id, rating) VALUES ('Shufflebeat', 'ligula in lacus curabitur at ipsum ac tellus semper interdum mauris ullamcorper', '9836435336', '1');
INSERT INTO DriverRating (restaurant, review, driver_id, rating) VALUES ('Thoughtworks', 'mauris laoreet ut rhoncus aliquet pulvinar sed nisl nunc rhoncus dui vel sem sed', '5590470374', '4');
INSERT INTO DriverRating (restaurant, review, driver_id, rating) VALUES ('Divavu', 'tristique in tempus sit amet sem fusce consequat nulla nisl nunc nisl duis', '5799896890', '10');
INSERT INTO DriverRating (restaurant, review, driver_id, rating) VALUES ('Dynabox', 'eros viverra eget congue eget semper rutrum nulla nunc purus phasellus in felis donec semper sapien a libero nam dui', '9042701846', '8');
INSERT INTO DriverRating (restaurant, review, driver_id, rating) VALUES ('Twimm', 'magna ac consequat metus sapien ut nunc vestibulum ante ipsum primis in faucibus orci luctus et ultrices posuere', '4527062956', '6');
INSERT INTO DriverRating (restaurant, review, driver_id, rating) VALUES ('Tazz', 'volutpat quam pede lobortis ligula sit amet eleifend pede libero quis', '7219066430', '8');
INSERT INTO DriverRating (restaurant, review, driver_id, rating) VALUES ('Devbug', 'congue elementum in hac habitasse platea dictumst morbi vestibulum velit id pretium', '2200909683', '1');
INSERT INTO DriverRating (restaurant, review, driver_id, rating) VALUES ('Voonyx', 'luctus ultricies eu nibh quisque id justo sit amet sapien dignissim vestibulum vestibulum ante ipsum primis in faucibus orci luctus', '0277209684', '10');
INSERT INTO DriverRating (restaurant, review, driver_id, rating) VALUES ('Topicblab', 'pellentesque ultrices mattis odio donec vitae nisi nam ultrices libero non mattis pulvinar nulla pede ullamcorper augue a', '9714476097', '3');
INSERT INTO DriverRating (restaurant, review, driver_id, rating) VALUES ('Miboo', 'et tempus semper est quam pharetra magna ac consequat metus sapien ut nunc vestibulum ante ipsum primis in faucibus orci', '0433983329', '2');
INSERT INTO DriverRating (restaurant, review, driver_id, rating) VALUES ('Innotype', 'quis orci eget orci vehicula condimentum curabitur in libero ut massa volutpat convallis morbi odio odio elementum eu', '1973541378', '7');
INSERT INTO DriverRating (restaurant, review, driver_id, rating) VALUES ('Zava', 'cras mi pede malesuada in imperdiet et commodo vulputate justo in blandit ultrices enim lorem ipsum dolor', '5374910809', '1');
INSERT INTO DriverRating (restaurant, review, driver_id, rating) VALUES ('Rhybox', 'id lobortis convallis tortor risus dapibus augue vel accumsan tellus nisi', '6781993496', '6');
INSERT INTO DriverRating (restaurant, review, driver_id, rating) VALUES ('Thoughtbridge', 'nulla facilisi cras non velit nec nisi vulputate nonummy maecenas tincidunt lacus at velit vivamus vel nulla eget', '7038477994', '7');
INSERT INTO DriverRating (restaurant, review, driver_id, rating) VALUES ('Skimia', 'cursus id turpis integer aliquet massa id lobortis convallis tortor risus dapibus augue', '7080679818', '9');
INSERT INTO DriverRating (restaurant, review, driver_id, rating) VALUES ('Mycat', 'integer aliquet massa id lobortis convallis tortor risus dapibus augue vel accumsan tellus nisi eu orci mauris', '9379909578', '9');
INSERT INTO DriverRating (restaurant, review, driver_id, rating) VALUES ('Ainyx', 'justo lacinia eget tincidunt eget tempus vel pede morbi porttitor lorem id', '6830980119', '10');
INSERT INTO DriverRating (restaurant, review, driver_id, rating) VALUES ('Voonte', 'quisque erat eros viverra eget congue eget semper rutrum nulla nunc purus phasellus in felis donec semper sapien a', '3367817023', '5');
INSERT INTO DriverRating (restaurant, review, driver_id, rating) VALUES ('Eimbee', 'vel nisl duis ac nibh fusce lacus purus aliquet at feugiat non pretium quis lectus suspendisse potenti in eleifend', '3026289256', '4');
INSERT INTO DriverRating (restaurant, review, driver_id, rating) VALUES ('Jabbertype', 'odio condimentum id luctus nec molestie sed justo pellentesque viverra pede', '9487498095', '5');
INSERT INTO DriverRating (restaurant, review, driver_id, rating) VALUES ('Zooveo', 'donec diam neque vestibulum eget vulputate ut ultrices vel augue vestibulum ante ipsum primis in', '2358970689', '9');
INSERT INTO DriverRating (restaurant, review, driver_id, rating) VALUES ('Mymm', 'bibendum imperdiet nullam orci pede venenatis non sodales sed tincidunt eu felis fusce posuere felis sed lacus', '7279261957', '2');
INSERT INTO DriverRating (restaurant, review, driver_id, rating) VALUES ('Riffpedia', 'vulputate nonummy maecenas tincidunt lacus at velit vivamus vel nulla eget', '8671163202', '10');
INSERT INTO DriverRating (restaurant, review, driver_id, rating) VALUES ('Meedoo', 'ullamcorper augue a suscipit nulla elit ac nulla sed vel enim sit amet nunc viverra', '2999109385', '4');
INSERT INTO DriverRating (restaurant, review, driver_id, rating) VALUES ('Oyondu', 'dui luctus rutrum nulla tellus in sagittis dui vel nisl', '9744007443', '1');
INSERT INTO DriverRating (restaurant, review, driver_id, rating) VALUES ('Meeveo', 'accumsan tellus nisi eu orci mauris lacinia sapien quis libero nullam', '3544154684', '1');
INSERT INTO DriverRating (restaurant, review, driver_id, rating) VALUES ('Jaxbean', 'platea dictumst aliquam augue quam sollicitudin vitae consectetuer eget rutrum at lorem integer tincidunt ante vel ipsum', '5485731600', '4');
INSERT INTO DriverRating (restaurant, review, driver_id, rating) VALUES ('Roodel', 'consequat in consequat ut nulla sed accumsan felis ut at dolor quis odio consequat', '7579328003', '10');
INSERT INTO DriverRating (restaurant, review, driver_id, rating) VALUES ('Eimbee', 'dui luctus rutrum nulla tellus in sagittis dui vel nisl', '9673466939', '8');
INSERT INTO DriverRating (restaurant, review, driver_id, rating) VALUES ('Flashpoint', 'lorem integer tincidunt ante vel ipsum praesent blandit lacinia erat vestibulum sed magna at nunc', '1236964101', '3');
INSERT INTO DriverRating (restaurant, review, driver_id, rating) VALUES ('Feedbug', 'nullam porttitor lacus at turpis donec posuere metus vitae ipsum aliquam non mauris morbi non lectus aliquam sit amet', '7547212077', '8');
INSERT INTO DriverRating (restaurant, review, driver_id, rating) VALUES ('Shuffledrive', 'nullam porttitor lacus at turpis donec posuere metus vitae ipsum aliquam non', '2122867981', '4');
INSERT INTO DriverRating (restaurant, review, driver_id, rating) VALUES ('Zoomlounge', 'aliquam non mauris morbi non lectus aliquam sit amet diam', '5246243192', '10');
INSERT INTO DriverRating (restaurant, review, driver_id, rating) VALUES ('JumpXS', 'ac nibh fusce lacus purus aliquet at feugiat non pretium quis lectus suspendisse potenti in eleifend', '8461495187', '1');
INSERT INTO DriverRating (restaurant, review, driver_id, rating) VALUES ('Trilia', 'lacinia erat vestibulum sed magna at nunc commodo placerat praesent blandit nam nulla integer pede justo lacinia eget tincidunt eget', '0071835911', '6');
INSERT INTO DriverRating (restaurant, review, driver_id, rating) VALUES ('Thoughtworks', 'ultrices posuere cubilia curae mauris viverra diam vitae quam suspendisse potenti', '3320597671', '6');
INSERT INTO DriverRating (restaurant, review, driver_id, rating) VALUES ('Skinte', 'curabitur in libero ut massa volutpat convallis morbi odio odio', '5314987570', '4');
INSERT INTO DriverRating (restaurant, review, driver_id, rating) VALUES ('Twitterbridge', 'orci luctus et ultrices posuere cubilia curae nulla dapibus dolor vel est donec odio justo sollicitudin ut suscipit', '3172152057', '8');
INSERT INTO DriverRating (restaurant, review, driver_id, rating) VALUES ('Quinu', 'vel augue vestibulum rutrum rutrum neque aenean auctor gravida sem praesent id massa', '9387873870', '8');
INSERT INTO DriverRating (restaurant, review, driver_id, rating) VALUES ('Tagopia', 'mattis pulvinar nulla pede ullamcorper augue a suscipit nulla elit ac nulla sed vel enim sit amet nunc viverra', '3669930310', '6');
INSERT INTO DriverRating (restaurant, review, driver_id, rating) VALUES ('Mydo', 'laoreet ut rhoncus aliquet pulvinar sed nisl nunc rhoncus dui vel sem sed sagittis nam congue risus semper', '7665348793', '8');
INSERT INTO DriverRating (restaurant, review, driver_id, rating) VALUES ('Eazzy', 'sollicitudin mi sit amet lobortis sapien sapien non mi integer ac neque duis', '4438986257', '1');
INSERT INTO DriverRating (restaurant, review, driver_id, rating) VALUES ('Mydeo', 'quam fringilla rhoncus mauris enim leo rhoncus sed vestibulum sit', '8863916675', '10');
INSERT INTO DriverRating (restaurant, review, driver_id, rating) VALUES ('Gabcube', 'congue elementum in hac habitasse platea dictumst morbi vestibulum velit id pretium iaculis diam erat', '2617005909', '3');
INSERT INTO DriverRating (restaurant, review, driver_id, rating) VALUES ('Twitterlist', 'volutpat eleifend donec ut dolor morbi vel lectus in quam fringilla', '4597470441', '8');
INSERT INTO DriverRating (restaurant, review, driver_id, rating) VALUES ('Divanoodle', 'morbi sem mauris laoreet ut rhoncus aliquet pulvinar sed nisl nunc rhoncus dui vel', '3477570758', '3');
INSERT INTO DriverRating (restaurant, review, driver_id, rating) VALUES ('Podcat', 'sit amet erat nulla tempus vivamus in felis eu sapien cursus vestibulum proin eu mi nulla', '3914809221', '9');
INSERT INTO DriverRating (restaurant, review, driver_id, rating) VALUES ('Realfire', 'ridiculus mus vivamus vestibulum sagittis sapien cum sociis natoque penatibus et magnis dis parturient montes nascetur ridiculus', '6392932216', '1');
INSERT INTO DriverRating (restaurant, review, driver_id, rating) VALUES ('Riffpedia', 'natoque penatibus et magnis dis parturient montes nascetur ridiculus mus vivamus vestibulum sagittis sapien cum sociis natoque penatibus et', '9881623707', '5');
INSERT INTO DriverRating (restaurant, review, driver_id, rating) VALUES ('Jabbersphere', 'ut massa volutpat convallis morbi odio odio elementum eu interdum eu', '3952275433', '9');
INSERT INTO DriverRating (restaurant, review, driver_id, rating) VALUES ('Kanoodle', 'nec sem duis aliquam convallis nunc proin at turpis a pede posuere nonummy integer non velit', '4376131725', '10');
INSERT INTO DriverRating (restaurant, review, driver_id, rating) VALUES ('Trilith', 'quam nec dui luctus rutrum nulla tellus in sagittis dui vel nisl duis ac nibh fusce lacus', '2663819328', '4');
INSERT INTO DriverRating (restaurant, review, driver_id, rating) VALUES ('Skimia', 'montes nascetur ridiculus mus vivamus vestibulum sagittis sapien cum sociis natoque penatibus et magnis dis parturient', '2827018748', '3');
INSERT INTO DriverRating (restaurant, review, driver_id, rating) VALUES ('Realbridge', 'vestibulum ante ipsum primis in faucibus orci luctus et ultrices posuere cubilia curae donec pharetra magna vestibulum aliquet ultrices', '9253160209', '5');
INSERT INTO DriverRating (restaurant, review, driver_id, rating) VALUES ('Janyx', 'justo maecenas rhoncus aliquam lacus morbi quis tortor id nulla ultrices aliquet maecenas leo odio condimentum id', '1576489434', '9');
INSERT INTO DriverRating (restaurant, review, driver_id, rating) VALUES ('Topdrive', 'nulla ac enim in tempor turpis nec euismod scelerisque quam turpis adipiscing', '5968889039', '5');
INSERT INTO DriverRating (restaurant, review, driver_id, rating) VALUES ('Edgetag', 'iaculis congue vivamus metus arcu adipiscing molestie hendrerit at vulputate vitae nisl aenean lectus pellentesque eget nunc donec quis', '2108761853', '4');
INSERT INTO DriverRating (restaurant, review, driver_id, rating) VALUES ('Tavu', 'eu nibh quisque id justo sit amet sapien dignissim vestibulum vestibulum ante ipsum primis in faucibus orci luctus et', '5142521528', '6');
